"ap_compressor","timestamp","ap_compressorunit_gtn","bhp","enginestatus","fuelflow","intstatus","modelbhp","pressuredischarge","pressuresuction","rpm","tempsuction","id","flowrate"
Madras,2023-05-02 04:25:00.000,Unit1,0.0,Available,0.0,1,0.0,676.5567626953125,676.5567626953125,0.0,73.0,186237,0.0
Eastport,2023-05-02 04:25:00.000,Unit1,0.0,Available,0.26125454902648926,1,0.0,853.5725708007812,852.472900390625,0,58.29999923706055,186230,0.0
Kent,2023-05-02 04:25:00.000,Unit4,0.0,Available,0.0,1,0.0,614.6400756835938,614.688720703125,0.0,70.4000015258789,186236,0.0
Kent,2023-05-02 04:25:00.000,Unit3,16522.21875,Running,135.21009826660156,2,16524.530697005233,871.4332275390625,612.5486450195312,8283.75,67.5999984741211,186235,948.3176879882812
Madras,2023-05-02 04:30:00.000,Unit2,0.0,Available,0.0,1,0.0,765.18212890625,771.4285888671875,0.0,73.15287017822266,186268,0.0
Bonanza,2023-05-02 04:30:00.000,Unit1,0.0,Available,0.0,1,0.0,0.35667964816093445,0.29182878136634827,0.0,73.15174865722656,186256,0.0
Bend,2023-05-02 04:30:00.000,Unit2,12608.5478515625,Running,0.0,2,10561.936962211996,876.4849853515625,666.583984375,4526.11962890625,76.8786392211914,186254,863.9614868164062
Eastport,2023-05-02 04:30:00.000,Unit2,20631.83984375,Running,175.47569274902344,2,20491.95006185719,886.69580078125,733.36962890625,4647.8154296875,58.29999923706055,186261,2232.107666015625
Athol,2023-05-02 04:30:00.000,Unit4,9088.1552734375,Running,109.32774353027344,2,9582.903975556335,869.6497802734375,626.556396484375,7081.5,60.5,186252,490.3157043457031
Starbuck,2023-05-02 04:35:00.000,Unit3,21676.349609375,Running,199.42628479003906,2,21377.317133509023,838.150390625,713.1824951171875,4260.47607421875,73.0999984741211,186306,2316.991943359375
Madras,2023-05-02 04:35:00.000,Unit1,0.0,Available,0.0,1,0.0,676.1904907226562,676.1904907226562,0.0,73.0,186297,0.0
Athol,2023-05-02 04:35:00.000,Unit4,9060.2451171875,Running,109.04127502441406,2,9358.685183614014,868.3365478515625,628.501953125,7065.74951171875,60.5,186282,490.8089904785156
Eastport,2023-05-02 04:35:00.000,Unit2,20671.255859375,Running,175.47569274902344,2,20435.53240621269,886.215087890625,733.36962890625,4653.66455078125,58.099998474121094,186291,2217.578369140625
Bend,2023-05-02 04:35:00.000,Unit3,11690.876953125,Running,110.80902862548828,2,11592.671375750471,873.5084228515625,665.1751098632812,7262.99951171875,77.30000305175781,186285,862.5697631835938
Wallula,2023-05-02 04:35:00.000,Unit2,16572.70703125,Running,123.85075378417969,2,12962.331676993741,908.6251831054688,704.1668090820312,78.73775482177734,86.1186752319336,186309,1191.09814453125
Sandpoint,2023-05-02 04:35:00.000,Unit2,0.0,Available,0.0,1,0.0,399.4649658203125,399.12451171875,0.0,72.0999984741211,186303,0.0
Bend,2023-05-02 04:35:00.000,Unit1,0.0,Available,0.0,1,0.0,0.40522244572639465,0.4071807861328125,0.0,76.0289077758789,186283,0.0
Bonanza,2023-05-02 04:40:00.000,Unit2,14714.573627863114,Running,124.1451644897461,2,14714.573627863114,913.29443359375,746.3035278320312,7557.51416015625,71.62775421142578,186317,1511.9300537109375
Madras,2023-05-02 04:40:00.000,Unit1,0.0,Available,0.0,1,0.0,676.1904907226562,676.1904907226562,0.0,73.0,186327,0.0
Bend,2023-05-02 04:40:00.000,Unit2,12590.822265625,Running,0.0,2,10408.525046315575,876.2932739257812,667.3515625,4514.14794921875,76.8512954711914,186314,872.7986450195312
Madras,2023-05-02 04:40:00.000,Unit2,0.0,Available,0.0,1,0.0,766.3003540039062,772.893798828125,0.0,73.15287017822266,186328,0.0
Sandpoint,2023-05-02 04:40:00.000,Unit1,14555.7216796875,Running,126.5633773803711,2,13959.27909919464,834.3060913085938,727.269775390625,96.73103332519531,64.09986114501953,186332,1751.2967529296875
Stanfield,2023-05-02 04:40:00.000,Unit1,,Unavailable,0.0,0,0.0,769.0,767.0,0.0,65.0,186335,0.0
Chemult,2023-05-02 04:40:00.000,Unit4,0.0,Unavailable,0.0,0,0.0,1000.0,11.0,0.0,0.0,186319,0.0
Sandpoint,2023-05-02 04:40:00.000,Unit2,0.0,Available,0.0,1,0.0,398.4435729980469,398.1031188964844,0.0,72.0,186333,0.0
Wallula,2023-05-02 04:40:00.000,Unit2,16837.998046875,Running,127.1759033203125,2,12962.875927212284,907.328125,703.2749633789062,79.5901107788086,86.1186752319336,186339,1240.1810302734375
Kent,2023-05-02 04:40:00.000,Unit3,16467.869140625,Running,136.4392852783203,2,16314.722887006488,873.0869140625,613.651123046875,8276.25,67.5,186325,946.4219360351562
Rosalia,2023-05-02 04:40:00.000,Unit2,0.0,Unavailable,0,0,0.0,0.9612284898757935,0.6622166037559509,0.7707346677780151,69.01287078857422,186330,0.0
Kent,2023-05-02 04:40:00.000,Unit4,0.0,Available,0.0,1,0.0,615.0291748046875,614.0501098632812,0.0,70.0,186326,0.0
Ione,2023-05-02 04:45:00.000,Unit2,0.0,Available,0.0,1,0.0,0.0,0.3205128312110901,0.0,72.5,186353,0.0
Bend,2023-05-02 04:45:00.000,Unit3,11691.068359375,Running,110.58660125732422,2,11583.93695100028,873.605712890625,665.888427734375,7265.25,77.30000305175781,186345,869.0635986328125
Wallula,2023-05-02 04:45:00.000,Unit3,0.0,Available,0,1,0.0,705.6910400390625,709.2141723632812,0,73.95121765136719,186370,0.0
Sandpoint,2023-05-02 04:45:00.000,Unit1,14438.0400390625,Running,126.1191177368164,2,13935.953838593969,834.3060913085938,727.7236938476562,96.50237274169922,64.0999984741211,186362,1747.873779296875
Madras,2023-05-02 04:45:00.000,Unit2,0.0,Available,0.0,1,0.0,766.3003540039062,773.99267578125,0.0,73.15287017822266,186358,0.0
Rosalia,2023-05-02 04:45:00.000,Unit2,0.0,Unavailable,0.0,0,0.0,0.9587131142616272,0.6591649055480957,0.7150780558586121,69.03800964355469,186360,0.0
Madras,2023-05-02 04:45:00.000,Unit1,0.0,Available,0.0,1,0.0,676.1904907226562,676.1904907226562,0.0,73.99610137939453,186357,0.0
Wallula,2023-05-02 04:50:00.000,Unit2,16962.37109375,Running,126.64568328857422,2,14374.53543272686,908.38916015625,700.8541870117188,79.5901107788086,86.1186752319336,186399,1191.255615234375
Rosalia,2023-05-02 04:50:00.000,Unit3,16213.3984375,Running,125.28569030761719,2,15440.210147552689,914.3969116210938,718.6121826171875,7921.5,70.0999984741211,186391,1351.0980224609375
Eastport,2023-05-02 04:50:00.000,Unit1,0.0,Available,0.26125475764274597,1,0.0,853.5725708007812,851.4109497070312,0,58.29999923706055,186380,0.0
Kent,2023-05-02 04:50:00.000,Unit4,0.0,Available,0.0,1,0.0,615.8560180664062,615.12646484375,0.0,70.20000457763672,186386,0.0
Wallula,2023-05-02 04:55:00.000,Unit2,16719.84375,Running,126.08334350585938,2,13065.86186538637,906.5175170898438,703.4046630859375,78.89566040039062,86.35213470458984,186429,1219.6533203125
Rosalia,2023-05-02 04:55:00.000,Unit3,15959.384765625,Running,125.32109832763672,2,15329.613671325522,914.3969116210938,718.8391723632812,7866.0,70.20000457763672,186421,1336.630859375
Starbuck,2023-05-02 04:55:00.000,Unit4,0.0,Available,0.0,1,0.0,719.8984985351562,719.7470703125,0.0,80.5,186427,0.0
Ione,2023-05-02 04:55:00.000,Unit1,0.0,Available,,1,0.0,,,,,186412,0.0
Bend,2023-05-02 04:55:00.000,Unit1,0.0,Available,0.0,1,0.0,0.38585203886032104,0.3820730745792389,0.0,75.91112518310547,186403,0.0
Madras,2023-05-02 04:55:00.000,Unit2,0.0,Available,0.0,1,0.0,768.1318969726562,773.99267578125,0.0,73.15287017822266,186418,0.0
Ione,2023-05-02 04:55:00.000,Unit2,0.0,Available,0.0,1,0.0,0.0,0.3205128312110901,0.0,72.30000305175781,186413,0.0
Sandpoint,2023-05-02 04:55:00.000,Unit3,0.0,Available,0.0,1,0.0,743.9688720703125,744.5525512695312,0.0,77.70000457763672,186424,0.0
Eastport,2023-05-02 04:55:00.000,Unit2,20567.955078125,Running,174.59564208984375,2,20690.55636747793,886.215087890625,733.36962890625,4646.8330078125,58.0,186411,2223.2939453125
Kent,2023-05-02 04:55:00.000,Unit4,0.0,Available,0.0,1,0.0,617.072021484375,615.9533081054688,0.0,70.0,186416,0.0
Rosalia,2023-05-02 05:00:00.000,Unit1,13365.30859375,Running,112.01033782958984,2,13316.239334798089,915.012939453125,721.6277465820312,89.16081237792969,70.5058364868164,186449,926.866943359375
Madras,2023-05-02 05:00:00.000,Unit1,0.0,Available,0.0,1,0.0,676.1904907226562,675.8241577148438,0.0,73.0,186447,0.0
Athol,2023-05-02 05:00:00.000,Unit4,9069.560546875,Running,108.04296875,2,9360.576428369792,868.1420288085938,630.9824829101562,7035.74951171875,60.70000076293945,186432,512.4608154296875
Kent,2023-05-02 05:00:00.000,Unit3,16537.009765625,Running,133.8791961669922,2,16337.099535853,874.4487915039062,614.4293212890625,8283.0,67.5999984741211,186445,947.9564819335938
Eastport,2023-05-02 05:00:00.000,Unit1,0.0,Available,0.2529784142971039,1,0.0,853.5725708007812,851.4109497070312,0,58.0,186440,0.0
Stanfield,2023-05-02 05:00:00.000,Unit1,,Unavailable,0.0,0,0.0,769.0,767.0,0.0,65.0,186455,0.0
Bonanza,2023-05-02 05:05:00.000,Unit1,0.0,Available,0.0,1,0.0,0.42153048515319824,0.22697794437408447,0.0,72.85992431640625,186466,0.0
Ione,2023-05-02 05:05:00.000,Unit2,0.0,Available,0.0,1,0.0,0.0,0.6410256624221802,0.0,72.19999694824219,186473,0.0
Bend,2023-05-02 05:05:00.000,Unit3,11676.8291015625,Running,110.40692901611328,2,11573.018320926558,873.5733032226562,667.3800048828125,7257.74951171875,77.20000457763672,186465,875.5347290039062
Athol,2023-05-02 05:05:00.000,Unit4,9034.998046875,Running,108.45096588134766,2,9360.576428369792,868.1420288085938,630.933837890625,7031.25,60.70000076293945,186462,516.1774291992188
Eastport,2023-05-02 05:05:00.000,Unit2,20653.16015625,Running,175.84136962890625,2,20498.472170727895,887.1763916015625,732.8890380859375,4645.74072265625,58.400001525878906,186471,2220.9248046875
Kent,2023-05-02 05:05:00.000,Unit3,16607.96484375,Running,135.1253204345703,2,16337.099535853,875.4539794921875,614.4293212890625,8294.25,67.5999984741211,186475,951.745849609375
Wallula,2023-05-02 05:05:00.000,Unit2,17881.46484375,Running,130.55615234375,2,13043.61442671704,910.3870239257812,697.2666015625,81.06133270263672,86.01167297363281,186489,1231.5419921875
Starbuck,2023-05-02 05:05:00.000,Unit4,0.0,Available,0.0,1,0.0,721.4042358398438,720.4280395507812,0.0,80.5,186487,0.0
Kent,2023-05-02 05:05:00.000,Unit4,0.0,Available,0.0,1,0.0,616.9260864257812,615.9533081054688,0.0,69.80000305175781,186476,0.0
Starbuck,2023-05-02 05:05:00.000,Unit3,20893.140625,Running,194.10072326660156,2,20820.808261546303,835.747314453125,716.06640625,4205.35546875,73.0999984741211,186486,2311.19091796875
Kent,2023-05-02 05:05:00.000,Unit1,9184.759765625,Running,106.0572738647461,2,9190.524139806586,878.0333251953125,614.3969116210938,8699.4169921875,67.5999984741211,186474,501.9979248046875
Chemult,2023-05-02 05:05:00.000,Unit3,0.0,Running,102.0,2,7979.320075135659,863.0,779.0,4196.0,0.0,186468,0.0
Bend,2023-05-02 05:10:00.000,Unit1,0.0,Available,0.0,1,0.0,0.3801742494106293,0.39098867774009705,0.0,75.78658294677734,186493,0.0
Chemult,2023-05-02 05:10:00.000,Unit3,0.0,Running,102.0,2,7791.630411634977,863.0,779.0,4198.0,0.0,186498,0.0
Rosalia,2023-05-02 05:10:00.000,Unit3,15857.0615234375,Running,125.20042419433594,2,15184.267987339981,914.0726318359375,719.066162109375,7849.50048828125,70.0999984741211,186511,1331.3193359375
Athol,2023-05-02 05:10:00.000,Unit3,24994.109375,Running,192.2876739501953,2,24563.73961419259,870.353759765625,632.4339599609375,4631.21435546875,40.79999923706055,186491,1876.2059326171875
Kent,2023-05-02 05:15:00.000,Unit3,16636.443359375,Running,136.02389526367188,2,16513.152059567885,876.4915771484375,614.65625,8295.0,67.4000015258789,186535,949.357421875
Rosalia,2023-05-02 05:15:00.000,Unit1,13475.533203125,Running,112.51570129394531,2,13372.254408103945,914.9481201171875,721.4656372070312,89.51692199707031,70.60311126708984,186539,931.6070556640625
Athol,2023-05-02 05:15:00.000,Unit3,24960.169921875,Running,192.2713623046875,2,24411.891698093954,870.353759765625,632.4339599609375,4625.857421875,40.70000076293945,186521,1878.2421875
Madras,2023-05-02 05:15:00.000,Unit2,0.0,Available,0.0,1,0.0,768.4539184570312,776.5184326171875,0.0,73.15287017822266,186538,0.0
Madras,2023-05-02 05:15:00.000,Unit1,0.0,Available,0.0,1,0.0,675.8241577148438,675.8241577148438,0.0,73.0,186537,0.0
Rosalia,2023-05-02 05:15:00.000,Unit2,0.0,Unavailable,0,0,0.0,0.9612289071083069,0.7134943008422852,0.8935257792472839,69.03292083740234,186540,0.0
Kent,2023-05-02 05:20:00.000,Unit3,16596.986328125,Running,135.00665283203125,2,16513.152059567885,876.4915771484375,614.7859497070312,8288.2490234375,67.4000015258789,186565,945.8778076171875
Madras,2023-05-02 05:20:00.000,Unit1,0.0,Available,0.0,1,0.0,675.8241577148438,675.8241577148438,0.0,73.0,186567,0.0
Athol,2023-05-02 05:20:00.000,Unit4,9065.1064453125,Running,107.95614624023438,2,9331.12386656117,868.1420288085938,631.8579711914062,7014.74951171875,60.70000076293945,186552,518.9904174804688
Kent,2023-05-02 05:20:00.000,Unit1,9138.2705078125,Running,105.5995101928711,2,9335.507712707442,878.8910522460938,614.688720703125,8707.697265625,67.4000015258789,186564,500.9775695800781
Eastport,2023-05-02 05:20:00.000,Unit1,0.0,Available,0.2612301707267761,1,0.0,852.2909545898438,851.4109497070312,0,58.20000076293945,186560,0.0
Sandpoint,2023-05-02 05:20:00.000,Unit1,14546.6171875,Running,127.18746185302734,2,14012.96377849605,836.86767578125,728.5668334960938,96.43462371826172,64.0,186572,1749.507568359375
Wallula,2023-05-02 05:20:00.000,Unit1,17823.888671875,Running,137.32937622070312,2,15773.1954263146,910.9921875,691.8612060546875,91.50178527832031,78.0999984741211,186578,1301.6474609375
Athol,2023-05-02 05:25:00.000,Unit4,9010.0009765625,Running,109.45795440673828,2,9331.12386656117,867.6556396484375,633.12255859375,7010.99951171875,60.70000076293945,186582,518.9263305664062
Eastport,2023-05-02 05:25:00.000,Unit1,0.0,Available,0.2612546980381012,1,0.0,852.2909545898438,850.2388305664062,0,58.29999923706055,186590,0.0
Starbuck,2023-05-02 05:25:00.000,Unit4,0.0,Available,0.0,1,0.0,722.3472900390625,721.6439819335938,0.0,80.4000015258789,186607,0.0
Ione,2023-05-02 05:25:00.000,Unit1,0.0,Available,,1,0.0,,,,,186592,0.0
Madras,2023-05-02 05:25:00.000,Unit2,0.0,Available,0.0,1,0.0,769.5970458984375,776.5567626953125,0.0,73.15287017822266,186598,0.0
Kent,2023-05-02 05:25:00.000,Unit4,0.0,Available,0.0,1,0.0,617.4124755859375,616.1478271484375,0.0,69.70000457763672,186596,0.0
Rosalia,2023-05-02 05:25:00.000,Unit2,0.0,Unavailable,0,0,0.0,0.9611588716506958,0.6506459712982178,0.4727231562137604,69.0394287109375,186600,0.0
Stanfield,2023-05-02 05:25:00.000,Unit1,,Unavailable,0.0,0,0.0,770.0,768.0,0.0,64.0,186605,0.0
Kent,2023-05-02 05:25:00.000,Unit3,16522.30859375,Running,136.12562561035156,2,16513.152059567885,876.8157958984375,614.7859497070312,8276.25,67.5,186595,941.5852661132812
Eastport,2023-05-02 05:25:00.000,Unit2,20665.375,Running,175.0225372314453,2,20716.70085845291,886.69580078125,731.447021484375,4651.21435546875,58.29999923706055,186591,2226.43798828125
Rosalia,2023-05-02 05:30:00.000,Unit2,0.0,Unavailable,0,0,0.0,0.9611588716506958,0.6506459712982178,0.4723058342933655,69.03779602050781,186630,0.0
Madras,2023-05-02 05:30:00.000,Unit1,0.0,Available,0.0,1,0.0,675.4578857421875,675.4578857421875,0.0,73.0,186627,0.0
Bonanza,2023-05-02 05:30:00.000,Unit1,0.0,Available,0.0,1,0.0,0.45395588874816895,0.25940337777137756,0.0,72.95719909667969,186616,0.0
Rosalia,2023-05-02 05:30:00.000,Unit1,13476.8447265625,Running,112.19258117675781,2,13454.408473928435,914.8832397460938,723.0220336914062,89.073974609375,70.42801666259766,186629,929.615966796875
Sandpoint,2023-05-02 05:30:00.000,Unit2,0.0,Available,0.0,1,0.0,389.2509765625,389.8832702636719,0.0,71.70000457763672,186633,0.0
Bend,2023-05-02 05:30:00.000,Unit2,12389.9892578125,Running,0.0,2,10327.434710071997,876.5637817382812,670.734619140625,4488.6943359375,76.55939483642578,186614,871.6366577148438
Sandpoint,2023-05-02 05:35:00.000,Unit3,0.0,Available,0.0,1,0.0,742.0233764648438,742.639404296875,0.0,77.5999984741211,186664,0.0
Bonanza,2023-05-02 05:35:00.000,Unit2,14750.384856340032,Running,123.6404800415039,2,14750.384856340032,912.4838256835938,745.3307495117188,7560.0,71.66666412353516,186647,1489.7669677734375
Athol,2023-05-02 05:35:00.000,Unit4,9028.18359375,Running,109.08467864990234,2,9240.816305083868,867.558349609375,633.998046875,7009.49951171875,60.70000076293945,186642,525.8201293945312
Eastport,2023-05-02 05:35:00.000,Unit2,20619.67578125,Running,175.67645263671875,2,20611.552537469663,887.1763916015625,732.4083251953125,4654.7509765625,58.20000076293945,186651,2210.06640625
Athol,2023-05-02 05:35:00.000,Unit3,24724.640625,Running,190.84669494628906,2,24246.674892955805,869.873046875,634.3565673828125,4607.3095703125,40.79999923706055,186641,1873.093017578125
Bend,2023-05-02 05:35:00.000,Unit1,0.0,Available,0.0,1,0.0,0.3755406141281128,0.4021415114402771,0.0,75.69793701171875,186643,0.0
Kent,2023-05-02 05:35:00.000,Unit3,16619.681640625,Running,137.54978942871094,2,16456.32724908747,877.62646484375,615.3048095703125,8288.2490234375,67.4000015258789,186655,945.4590454101562
Rosalia,2023-05-02 05:35:00.000,Unit2,0.0,Unavailable,0.0,0,0.0,0.9425674080848694,0.6408202648162842,0.8444947600364685,69.0431137084961,186660,0.0
Bend,2023-05-02 05:35:00.000,Unit2,12451.96875,Running,0.0,2,10245.263699808987,876.5637817382812,670.734619140625,4482.94287109375,76.55939483642578,186644,873.0244750976562
Rosalia,2023-05-02 05:40:00.000,Unit3,15554.74609375,Running,122.40278625488281,2,14890.170870361815,914.0078125,720.2009887695312,7784.99951171875,70.20000457763672,186691,1318.5213623046875
Bend,2023-05-02 05:40:00.000,Unit1,0.0,Available,0.0,1,0.0,0.39556729793548584,0.4071783125400543,0.0,75.64356231689453,186673,0.0
Chemult,2023-05-02 05:40:00.000,Unit3,0.0,Running,102.0,2,7976.694394939594,860.0,778.0,4196.0,0.0,186678,0.0
Bonanza,2023-05-02 05:40:00.000,Unit1,0.0,Available,0.0,1,0.0,0.35667964816093445,0.19455252587795258,0.0,72.95719909667969,186676,0.0
Kent,2023-05-02 05:40:00.000,Unit1,9139.03515625,Running,106.52730560302734,2,9266.159307507834,880.301513671875,615.2723999023438,8715.158203125,67.4000015258789,186684,490.7378234863281
Ione,2023-05-02 05:40:00.000,Unit2,0.0,Available,0.0,1,0.0,0.0,0.6410256624221802,0.0,72.19999694824219,186683,0.0
Madras,2023-05-02 05:40:00.000,Unit1,0.0,Available,0.0,1,0.0,675.4578857421875,675.4578857421875,0.0,74.0,186687,0.0
Eastport,2023-05-02 05:45:00.000,Unit1,0.0,Available,0.26125475764274597,1,0.0,852.2909545898438,850.2388305664062,0,58.20000076293945,186710,0.0
Bend,2023-05-02 05:45:00.000,Unit3,11603.2138671875,Running,109.9706039428711,2,11519.853992144059,873.605712890625,669.9091796875,7228.49951171875,76.9000015258789,186705,881.7340698242188
Bend,2023-05-02 05:45:00.000,Unit1,0.0,Available,0.0,1,0.0,0.39556729793548584,0.4071783125400543,0.0,75.64356231689453,186703,0.0
Bonanza,2023-05-02 05:45:00.000,Unit2,14574.856945695376,Running,124.5557632446289,2,14574.856945695376,912.0946655273438,745.1679077148438,7562.25,71.57587432861328,186707,1501.5501708984375
Eastport,2023-05-02 05:45:00.000,Unit2,20711.041015625,Running,175.9755401611328,2,20624.480059141075,887.1763916015625,732.4083251953125,4653.44921875,58.20000076293945,186711,2217.23681640625
Wallula,2023-05-02 05:45:00.000,Unit1,16639.73828125,Running,133.39601135253906,2,15393.907096824787,907.30810546875,693.2261352539062,90.43912506103516,78.4000015258789,186728,1262.2882080078125
Starbuck,2023-05-02 05:45:00.000,Unit4,0.0,Available,0.0,1,0.0,723.03759765625,721.8871459960938,0.0,80.30000305175781,186727,0.0
Chemult,2023-05-02 05:50:00.000,Unit4,0.0,Unavailable,0.0,0,0.0,1000.0,1000.0,0.0,0.0,186739,0.0
Rosalia,2023-05-02 05:50:00.000,Unit1,13595.53515625,Running,112.86688232421875,2,13513.496513958184,914.7535400390625,723.1517333984375,89.72921752929688,70.41504669189453,186749,934.0973510742188
Kent,2023-05-02 05:50:00.000,Unit3,16620.103515625,Running,136.546142578125,2,16478.411912971264,878.5667724609375,615.6939086914062,8289.75,67.4000015258789,186745,944.228271484375
Bonanza,2023-05-02 05:50:00.000,Unit2,14574.856945695376,Running,123.62336730957031,2,14574.856945695376,912.7529907226562,745.1686401367188,7572.00048828125,71.78340148925781,186737,1493.996337890625
Ione,2023-05-02 05:50:00.000,Unit2,0.0,Available,0.0,1,0.0,0.0,0.3205128312110901,0.0,72.0,186743,0.0
Bend,2023-05-02 05:50:00.000,Unit2,12309.193359375,Running,0.0,2,10222.200745659951,876.7263793945312,671.9566040039062,4477.5732421875,76.44050598144531,186734,876.266357421875
Rosalia,2023-05-02 04:25:00.000,Unit2,0.0,Unavailable,0.0,0,0.0,0.9610202312469482,0.6611484289169312,0.6849836707115173,69.14186096191406,186240,0.0
Sandpoint,2023-05-02 04:25:00.000,Unit2,0.0,Available,0.0,1,0.0,400.48638916015625,401.1673278808594,0.0,72.0,186243,0.0
Wallula,2023-05-02 04:25:00.000,Unit3,0.0,Available,0,1,0.0,708.2926635742188,711.8336791992188,0,74.081298828125,186250,0.0
Eastport,2023-05-02 04:25:00.000,Unit2,20836.560546875,Running,174.7552947998047,2,20491.95006185719,886.69580078125,733.850341796875,4656.59521484375,58.29999923706055,186231,2235.535400390625
Starbuck,2023-05-02 04:25:00.000,Unit4,0.0,Available,0.0,1,0.0,715.5861206054688,714.5427856445312,0.0,80.5,186247,0.0
Wallula,2023-05-02 04:30:00.000,Unit3,0.0,Available,0,1,0.0,708.2926635742188,709.6798095703125,0,74.081298828125,186280,0.0
Chemult,2023-05-02 04:30:00.000,Unit4,0.0,Unavailable,0.9958904385566711,0,0.0,1000.0,513.2681884765625,0.0,0.0,186259,0.0
Rosalia,2023-05-02 04:30:00.000,Unit1,13280.7548828125,Running,112.29299926757812,2,13183.659372662962,916.1478881835938,720.4603881835938,89.121337890625,70.65499114990234,186269,920.828125
Kent,2023-05-02 04:30:00.000,Unit3,16485.078125,Running,136.35450744628906,2,16524.530697005233,872.21142578125,612.937744140625,8284.5,67.70000457763672,186265,945.9930419921875
Madras,2023-05-02 04:30:00.000,Unit1,0.0,Available,0.0,1,0.0,676.5567626953125,676.5567626953125,0.0,73.99361419677734,186267,0.0
Starbuck,2023-05-02 04:30:00.000,Unit4,0.0,Available,0.0,1,0.0,715.6614379882812,714.5427856445312,0.0,80.5,186277,0.0
Wallula,2023-05-02 04:30:00.000,Unit2,18357.021484375,Running,130.81048583984375,2,12544.431860568557,912.1595458984375,699.5460205078125,81.39396667480469,86.36186218261719,186279,1293.2733154296875
Rosalia,2023-05-02 04:30:00.000,Unit2,0.0,Unavailable,0.0,0,0.0,0.9610202312469482,0.6611484289169312,0.6849836707115173,68.99559020996094,186270,0.0
Kent,2023-05-02 04:35:00.000,Unit4,0.0,Available,0.0,1,0.0,615.0291748046875,614.2509765625,0.0,70.0,186296,0.0
Ione,2023-05-02 04:35:00.000,Unit2,0.0,Available,0.0,1,0.0,0.0,0.3205128312110901,0.0,72.5,186293,0.0
Stanfield,2023-05-02 04:35:00.000,Unit1,,Unavailable,0.0,0,0.0,769.0,767.0,0.0,65.0,186305,0.0
Bend,2023-05-02 04:35:00.000,Unit2,12616.142578125,Running,0.0,2,10408.72458186981,876.4849853515625,666.583984375,4520.50927734375,76.8786392211914,186284,867.4227294921875
Kent,2023-05-02 04:35:00.000,Unit1,9209.4580078125,Running,105.16717529296875,2,9257.115713364577,875.048583984375,613.37548828125,8692.0302734375,67.50005340576172,186294,503.62237548828125
Ione,2023-05-02 04:35:00.000,Unit1,0.0,Available,,1,0.0,,,,,186292,0.0
Bend,2023-05-02 04:40:00.000,Unit1,0.0,Available,0.0,1,0.0,0.40560081601142883,0.3998146057128906,0.0,75.95377349853516,186313,0.0
Eastport,2023-05-02 04:40:00.000,Unit1,0.0,Available,0.26116320490837097,1,0.0,853.5725708007812,851.4109497070312,0,58.099998474121094,186320,0.0
Ione,2023-05-02 04:40:00.000,Unit2,0.0,Available,0.0,1,0.0,0.0,0.3205128312110901,0.0,72.5,186323,0.0
Athol,2023-05-02 04:40:00.000,Unit4,9067.6640625,Running,109.01522827148438,2,9358.393173132747,869.3579711914062,628.8910522460938,7061.99951171875,60.60000228881836,186312,498.369873046875
Bend,2023-05-02 04:40:00.000,Unit3,11703.66796875,Running,110.35016632080078,2,11592.5319084142,873.605712890625,665.888427734375,7270.5,77.30000305175781,186315,866.901123046875
Bonanza,2023-05-02 04:45:00.000,Unit2,14564.540783333512,Running,124.08528900146484,2,14564.540783333512,914.3644409179688,746.3035278320312,7542.75048828125,71.91310119628906,186347,1504.209716796875
Sandpoint,2023-05-02 04:45:00.000,Unit2,0.0,Available,0.0,1,0.0,397.42218017578125,397.08172607421875,0.0,72.0,186363,0.0
Eastport,2023-05-02 04:45:00.000,Unit1,0.0,Available,0.26125475764274597,1,0.0,853.5725708007812,851.4109497070312,0,58.29999923706055,186350,0.0
Kent,2023-05-02 04:45:00.000,Unit3,16560.994140625,Running,135.9984588623047,2,16384.408823702266,873.0869140625,613.651123046875,8289.6904296875,67.5,186355,950.9613037109375
Sandpoint,2023-05-02 04:45:00.000,Unit3,0.0,Available,0.0,1,0.0,744.5525512695312,745.13623046875,0.0,77.70000457763672,186364,0.0
Ione,2023-05-02 04:45:00.000,Unit1,0.0,Available,,1,0.0,,,,,186352,0.0
Kent,2023-05-02 04:45:00.000,Unit4,0.0,Available,0.0,1,0.0,615.8560180664062,615.12646484375,0.0,70.20000457763672,186356,0.0
Chemult,2023-05-02 04:45:00.000,Unit3,0.0,Running,102.0,2,7892.014328545012,863.0,779.0,4200.939453125,0.0,186348,0.0
Bonanza,2023-05-02 04:50:00.000,Unit1,0.0,Available,0.0,1,0.0,0.35667964816093445,0.22697794437408447,0.0,73.10635375976562,186376,0.0
Athol,2023-05-02 04:50:00.000,Unit4,9114.27734375,Running,109.1975326538086,2,9263.875319812112,869.6011352539062,630.0097045898438,7044.75,60.60000228881836,186372,513.171875
Kent,2023-05-02 04:50:00.000,Unit3,16586.818359375,Running,134.73538208007812,2,16384.408823702266,874.0921020507812,613.9429321289062,8292.0,67.5,186385,950.434814453125
Ione,2023-05-02 04:50:00.000,Unit1,0.0,Available,,1,0.0,,,,,186382,0.0
Sandpoint,2023-05-02 04:50:00.000,Unit2,0.0,Available,0.0,1,0.0,396.4007568359375,397.08172607421875,0.0,71.9000015258789,186393,0.0
Rosalia,2023-05-02 04:50:00.000,Unit2,0.0,Unavailable,0.0,0,0.0,0.9587131142616272,0.6591649055480957,0.7150780558586121,69.01513671875,186390,0.0
Kent,2023-05-02 04:50:00.000,Unit1,9106.576171875,Running,105.39605712890625,2,9131.24538692744,876.5564575195312,613.9105224609375,8689.60546875,67.5,186384,498.1664123535156
Stanfield,2023-05-02 04:50:00.000,Unit1,,Unavailable,0.0,0,0.0,769.0,767.0,0.0,65.0,186395,0.0
Wallula,2023-05-02 04:50:00.000,Unit1,16263.86328125,Running,131.6157989501953,2,16373.93199364258,907.65673828125,698.2490234375,88.4485092163086,77.9000015258789,186398,1234.6260986328125
Eastport,2023-05-02 04:50:00.000,Unit2,20511.37890625,Running,174.59564208984375,2,20690.55636747793,886.69580078125,733.36962890625,4631.71533203125,58.29999923706055,186381,2229.018798828125
Starbuck,2023-05-02 04:50:00.000,Unit3,21065.20703125,Running,196.19488525390625,2,20963.803950488324,838.150390625,715.0745239257812,4216.09765625,73.0,186396,2320.406005859375
Chemult,2023-05-02 04:50:00.000,Unit3,0.0,Running,102.0,2,7892.014328545012,863.0,779.0,4206.0,0.0,186378,0.0
Bonanza,2023-05-02 04:55:00.000,Unit1,0.0,Available,0.0,1,0.0,0.35667964816093445,0.22697794437408447,0.0,73.0806655883789,186406,0.0
Sandpoint,2023-05-02 04:55:00.000,Unit1,14601.533203125,Running,127.40766143798828,2,13985.184931373145,834.79248046875,727.7236938476562,96.739501953125,64.0999984741211,186422,1753.0704345703125
Bend,2023-05-02 04:55:00.000,Unit2,12517.056640625,Running,0.0,2,10383.826949640888,876.4089965820312,667.9713134765625,4512.216796875,76.79170989990234,186404,870.3699340820312
Bend,2023-05-02 04:55:00.000,Unit3,11683.0595703125,Running,110.32137298583984,2,11583.93695100028,873.63818359375,666.5369873046875,7259.99951171875,77.20000457763672,186405,870.92041015625
Wallula,2023-05-02 04:55:00.000,Unit3,0.0,Available,0,1,0.0,704.3901977539062,708.2445678710938,0,73.69105529785156,186430,0.0
Bend,2023-05-02 05:00:00.000,Unit2,12443.404296875,Running,0.0,2,10387.45503479883,876.6721801757812,668.7528686523438,4511.6162109375,76.7137451171875,186434,871.0352783203125
Bend,2023-05-02 05:00:00.000,Unit3,11677.265625,Running,110.1673812866211,2,11573.018320926558,873.5733032226562,667.3800048828125,7259.99951171875,77.20000457763672,186435,876.7403564453125
Bonanza,2023-05-02 05:00:00.000,Unit2,14639.148801648567,Running,123.93132781982422,2,14639.148801648567,914.0078125,746.0765380859375,7584.0,71.60181427001953,186437,1504.8101806640625
Madras,2023-05-02 05:00:00.000,Unit2,0.0,Available,0.0,1,0.0,768.1318969726562,775.4578857421875,0.0,73.15287017822266,186448,0.0
Starbuck,2023-05-02 05:00:00.000,Unit4,0.0,Available,0.0,1,0.0,719.941650390625,719.7470703125,0.0,80.5,186457,0.0
Wallula,2023-05-02 05:00:00.000,Unit3,0.0,Available,0,1,0.0,704.3901977539062,708.2445678710938,0,73.69105529785156,186460,0.0
Wallula,2023-05-02 05:00:00.000,Unit2,18084.064453125,Running,131.2682342529297,2,13043.61442671704,911.3914794921875,697.3087158203125,81.94444274902344,86.35213470458984,186459,1277.7900390625
Ione,2023-05-02 05:00:00.000,Unit1,0.0,Available,,1,0.0,,,,,186442,0.0
Eastport,2023-05-02 05:00:00.000,Unit2,20807.326171875,Running,175.84136962890625,2,20498.472170727895,886.215087890625,732.8890380859375,4662.1845703125,58.0,186441,2239.840087890625
Kent,2023-05-02 05:00:00.000,Unit4,0.0,Available,0.0,1,0.0,616.7801513671875,615.9533081054688,0.0,70.0,186446,0.0
Sandpoint,2023-05-02 05:05:00.000,Unit2,0.0,Available,0.0,1,0.0,393.377685546875,394.0174865722656,0.0,71.9000015258789,186483,0.0
Sandpoint,2023-05-02 05:05:00.000,Unit3,0.0,Available,0.0,1,0.0,743.3203735351562,744.2283325195312,0.0,77.70000457763672,186484,0.0
Eastport,2023-05-02 05:05:00.000,Unit1,0.0,Available,0.2612456679344177,1,0.0,852.2909545898438,851.4109497070312,0,58.400001525878906,186470,0.0
Wallula,2023-05-02 05:05:00.000,Unit3,0.0,Available,0,1,0.0,702.4390258789062,706.4380493164062,0,73.62601470947266,186490,0.0
Madras,2023-05-02 05:05:00.000,Unit2,0.0,Available,0.0,1,0.0,768.4981689453125,773.99267578125,0.0,73.15287017822266,186478,0.0
Ione,2023-05-02 05:05:00.000,Unit1,0.0,Available,,1,0.0,,,,,186472,0.0
Bonanza,2023-05-02 05:05:00.000,Unit2,14639.148801648567,Running,123.68758392333984,2,14639.148801648567,913.9429321289062,744.951416015625,7560.75,71.93255615234375,186467,1501.902099609375
Bend,2023-05-02 05:05:00.000,Unit2,12537.0458984375,Running,0.0,2,10387.45503479883,876.6721801757812,668.7528686523438,4511.66259765625,76.7137451171875,186464,873.5745849609375
Sandpoint,2023-05-02 05:10:00.000,Unit1,14517.2958984375,Running,126.07705688476562,2,13900.424796669051,835.8624877929688,728.2749633789062,96.5193099975586,64.19917297363281,186512,1748.8863525390625
Kent,2023-05-02 05:10:00.000,Unit3,16640.681640625,Running,133.79441833496094,2,16484.368466231357,875.4539794921875,614.65625,8294.25,67.5999984741211,186505,949.7384033203125
Bend,2023-05-02 05:10:00.000,Unit2,12443.087890625,Running,0.0,2,10405.462232650876,876.51611328125,669.3865356445312,4496.97412109375,76.65911102294922,186494,869.3092651367188
Sandpoint,2023-05-02 05:10:00.000,Unit3,0.0,Available,0.0,1,0.0,743.3203735351562,743.514892578125,0.0,77.70000457763672,186514,0.0
Rosalia,2023-05-02 05:10:00.000,Unit2,0.0,Unavailable,0.0,0,0.0,0.9579810500144958,0.720066487789154,0.5241329669952393,69.03411102294922,186510,0.0
Starbuck,2023-05-02 05:10:00.000,Unit4,0.0,Available,0.0,1,0.0,721.4494018554688,720.4280395507812,0.0,80.5,186517,0.0
Ione,2023-05-02 05:10:00.000,Unit2,0.0,Available,0.0,1,0.0,0.0,0.6410256624221802,0.0,72.19999694824219,186503,0.0
Eastport,2023-05-02 05:10:00.000,Unit2,20818.681640625,Running,174.43763732910156,2,20430.934566262273,887.1763916015625,732.4083251953125,4654.142578125,58.400001525878906,186501,2236.896728515625
Sandpoint,2023-05-02 05:15:00.000,Unit3,0.0,Available,0.0,1,0.0,742.9312744140625,743.514892578125,0.0,77.70000457763672,186544,0.0
Eastport,2023-05-02 05:15:00.000,Unit1,0.0,Available,0.2612301707267761,1,0.0,852.2909545898438,851.4109497070312,0,58.20000076293945,186530,0.0
Starbuck,2023-05-02 05:15:00.000,Unit3,20664.375,Running,193.43638610839844,2,20631.79217220544,832.9398193359375,717.0277099609375,4184.890625,73.0999984741211,186546,2337.315673828125
Eastport,2023-05-02 05:15:00.000,Unit2,20950.224609375,Running,174.43763732910156,2,20716.70085845291,886.69580078125,732.4083251953125,4655.900390625,58.20000076293945,186531,2242.676025390625
Chemult,2023-05-02 05:15:00.000,Unit3,0.0,Running,102.0,2,7892.014328545012,861.0,778.0,4207.75927734375,0.0,186528,0.0
Sandpoint,2023-05-02 05:15:00.000,Unit1,14657.2080078125,Running,127.48802185058594,2,14012.96377849605,836.851318359375,728.5668334960938,96.6548080444336,64.0,186542,1752.9000244140625
Rosalia,2023-05-02 05:15:00.000,Unit3,15759.3642578125,Running,124.70783233642578,2,15115.570502522423,914.0726318359375,719.2930908203125,7824.32958984375,70.0999984741211,186541,1327.6728515625
Wallula,2023-05-02 05:15:00.000,Unit2,17851.8515625,Running,131.38746643066406,2,13841.913148082429,910.2544555664062,696.7525024414062,80.8943099975586,86.30349731445312,186549,1260.47900390625
Starbuck,2023-05-02 05:15:00.000,Unit4,0.0,Available,0.0,1,0.0,721.9448852539062,721.498046875,0.0,80.5,186547,0.0
Bonanza,2023-05-02 05:15:00.000,Unit2,14567.969018853553,Running,123.44908905029297,2,14567.969018853553,913.1971435546875,744.941650390625,7564.5,71.87419128417969,186527,1491.9573974609375
Sandpoint,2023-05-02 05:20:00.000,Unit3,0.0,Available,0.0,1,0.0,742.9312744140625,743.158203125,0.0,77.70000457763672,186574,0.0
Wallula,2023-05-02 05:20:00.000,Unit3,0.0,Available,0,1,0.0,701.13818359375,704.9558715820312,0,73.49593353271484,186580,0.0
Chemult,2023-05-02 05:20:00.000,Unit4,0.0,Unavailable,0.0,0,0.0,1000.0,3.0,0.0,0.0,186559,0.0
Bend,2023-05-02 05:20:00.000,Unit3,11566.8125,Running,109.57706451416016,2,11552.105106098661,873.5408935546875,668.6445922851562,7237.5,77.0,186555,873.0122680664062
Ione,2023-05-02 05:20:00.000,Unit1,0.0,Available,,1,0.0,,,,,186562,0.0
Rosalia,2023-05-02 05:20:00.000,Unit1,13472.8837890625,Running,112.4214859008789,2,13372.254408103945,914.9481201171875,722.6653442382812,89.59500885009766,70.37613677978516,186569,931.3129272460938
Sandpoint,2023-05-02 05:20:00.000,Unit2,0.0,Available,0.0,1,0.0,391.2937927246094,390.9532775878906,0.0,71.80000305175781,186573,0.0
Athol,2023-05-02 05:20:00.000,Unit3,24939.998046875,Running,191.80233764648438,2,24411.891698093954,870.353759765625,633.8759155273438,4620.97607421875,40.70000076293945,186551,1861.2813720703125
Wallula,2023-05-02 05:20:00.000,Unit2,18533.087890625,Running,130.94729614257812,2,13841.913148082429,912.4838256835938,694.1958618164062,82.92682647705078,86.30349731445312,186579,1258.4847412109375
Starbuck,2023-05-02 05:20:00.000,Unit4,0.0,Available,0.0,1,0.0,721.9844360351562,721.498046875,0.0,80.4000015258789,186577,0.0
Sandpoint,2023-05-02 05:25:00.000,Unit1,14493.162109375,Running,126.53624725341797,2,13971.367818352355,836.9512939453125,729.05322265625,96.222900390625,64.20000457763672,186602,1745.1983642578125
Chemult,2023-05-02 05:25:00.000,Unit4,0.0,Unavailable,0.0,0,0.0,1000.0,6.413527011871338,0.0,0.0,186589,0.0
Rosalia,2023-05-02 05:25:00.000,Unit1,13485.533203125,Running,112.77892303466797,2,13372.254408103945,914.8832397460938,722.6653442382812,89.6280288696289,70.42801666259766,186599,931.6090698242188
Athol,2023-05-02 05:25:00.000,Unit3,24880.908203125,Running,191.05616760253906,2,24411.891698093954,869.3924560546875,633.8759155273438,4615.619140625,40.70000076293945,186581,1877.4837646484375
Bend,2023-05-02 05:25:00.000,Unit3,11593.861328125,Running,109.81661987304688,2,11552.105106098661,873.5408935546875,668.6445922851562,7236.74951171875,77.0,186585,876.6679077148438
Sandpoint,2023-05-02 05:25:00.000,Unit3,0.0,Available,0.0,1,0.0,742.4124755859375,743.158203125,0.0,77.70000457763672,186604,0.0
Bend,2023-05-02 05:25:00.000,Unit1,0.0,Available,0.0,1,0.0,0.3913690447807312,0.42942383885383606,0.0,75.73446655273438,186583,0.0
Wallula,2023-05-02 05:25:00.000,Unit3,0.0,Available,0,1,0.0,701.13818359375,703.9006958007812,0,73.43089294433594,186610,0.0
Sandpoint,2023-05-02 05:25:00.000,Unit2,0.0,Available,0.0,1,0.0,390.2723693847656,389.9154968261719,0.0,71.80000305175781,186603,0.0
Starbuck,2023-05-02 05:25:00.000,Unit3,20482.845703125,Running,191.7386016845703,2,20282.887024041836,835.2666015625,717.0277099609375,4179.01904296875,73.0999984741211,186606,2325.0146484375
Athol,2023-05-02 05:30:00.000,Unit4,9045.322265625,Running,109.14543914794922,2,9332.622070137704,868.6283569335938,634.2412109375,7010.24951171875,60.70000076293945,186612,520.6038208007812
Madras,2023-05-02 05:30:00.000,Unit2,0.0,Available,0.0,1,0.0,770.6959838867188,776.923095703125,0.0,73.15287017822266,186628,0.0
Bend,2023-05-02 05:30:00.000,Unit1,0.0,Available,0.0,1,0.0,0.3755406141281128,0.4021415114402771,0.0,75.69793701171875,186613,0.0
Stanfield,2023-05-02 05:30:00.000,Unit1,,Unavailable,0.0,0,0.0,769.0,768.0,0.0,64.0,186635,0.0
Sandpoint,2023-05-02 05:30:00.000,Unit3,0.0,Available,0.0,1,0.0,742.4124755859375,742.639404296875,0.0,77.70000457763672,186634,0.0
Madras,2023-05-02 05:35:00.000,Unit2,0.0,Available,0.0,1,0.0,770.6959838867188,776.923095703125,0.0,73.15287017822266,186658,0.0
Wallula,2023-05-02 05:35:00.000,Unit1,17964.767578125,Running,138.45944213867188,2,16807.337997864488,910.4409790039062,690.6290893554688,92.64057922363281,78.0,186668,1304.44189453125
Bonanza,2023-05-02 05:35:00.000,Unit1,0.0,Available,0.0,1,0.0,0.45395588874816895,0.19455252587795258,0.0,72.95719909667969,186646,0.0
Eastport,2023-05-02 05:35:00.000,Unit1,0.0,Available,0.2540647089481354,1,0.0,852.2909545898438,850.2388305664062,0,58.20000076293945,186650,0.0
Sandpoint,2023-05-02 05:35:00.000,Unit1,14638.9052734375,Running,126.94538116455078,2,14039.289012976384,838.0026245117188,729.3450317382812,96.62940216064453,64.20000457763672,186662,1751.7283935546875
Starbuck,2023-05-02 05:35:00.000,Unit3,20559.779296875,Running,192.1795196533203,2,20255.84806422662,834.3052978515625,717.50830078125,4181.94775390625,73.19999694824219,186666,2344.866943359375
Sandpoint,2023-05-02 05:40:00.000,Unit1,14593.048828125,Running,126.87641143798828,2,14039.289012976384,838.0026245117188,729.3450317382812,96.52777862548828,64.20000457763672,186692,1749.204345703125
Bonanza,2023-05-02 05:40:00.000,Unit2,14750.384856340032,Running,124.29058837890625,2,14750.384856340032,912.5486450195312,744.0661010742188,7560.8759765625,71.57587432861328,186677,1499.7138671875
Bend,2023-05-02 05:40:00.000,Unit3,11570.474609375,Running,109.78239440917969,2,11509.190341544741,873.605712890625,669.9091796875,7224.75,76.9000015258789,186675,880.1756591796875
Chemult,2023-05-02 05:40:00.000,Unit4,0.0,Unavailable,0.0,0,0.0,1000.0,490.2868957519531,0.0,0.0,186679,0.0
Starbuck,2023-05-02 05:40:00.000,Unit4,0.0,Available,0.0,1,0.0,722.7626342773438,722.37353515625,0.0,80.30001068115234,186697,0.0
Sandpoint,2023-05-02 05:40:00.000,Unit3,0.0,Available,0.0,1,0.0,742.0233764648438,742.1854858398438,0.0,77.5999984741211,186694,0.0
Wallula,2023-05-02 05:40:00.000,Unit3,0.0,Available,0,1,0.0,699.1869506835938,702.6828002929688,0,73.43089294433594,186700,0.0
Athol,2023-05-02 05:45:00.000,Unit4,9097.404296875,Running,108.25130462646484,2,9333.34286397305,867.3638305664062,633.998046875,7002.75,60.900001525878906,186702,526.9325561523438
Kent,2023-05-02 05:45:00.000,Unit4,0.0,Available,0.0,1,0.0,617.509765625,616.87744140625,0.0,69.80000305175781,186716,0.0
Wallula,2023-05-02 05:45:00.000,Unit2,17631.40234375,Running,129.95860290527344,2,13528.994735559709,908.04150390625,695.5895385742188,81.18446350097656,86.37158966064453,186729,1237.1104736328125
Ione,2023-05-02 05:45:00.000,Unit2,0.0,Available,0.0,1,0.0,0.0,0.3205128312110901,0.0,72.0,186713,0.0
Starbuck,2023-05-02 05:45:00.000,Unit3,20241.009765625,Running,189.78675842285156,2,20008.77952192607,831.42138671875,717.50830078125,4154.3935546875,73.19999694824219,186726,2316.60693359375
Sandpoint,2023-05-02 05:45:00.000,Unit1,14632.560546875,Running,127.76388549804688,2,14111.516739069393,838.3593139648438,729.572021484375,96.52777862548828,64.20000457763672,186722,1751.439208984375
Rosalia,2023-05-02 05:45:00.000,Unit2,0.0,Unavailable,-0,0,0.0,0.9611348509788513,0.6408202648162842,0.8641840815544128,69.03462982177734,186720,0.0
Sandpoint,2023-05-02 05:50:00.000,Unit1,14591.9150390625,Running,127.59117889404297,2,14111.516739069393,838.3593139648438,729.572021484375,96.33084869384766,64.20000457763672,186752,1747.791748046875
Starbuck,2023-05-02 05:50:00.000,Unit4,0.0,Available,0.0,1,0.0,723.0545043945312,721.8871459960938,0.0,80.4000015258789,186757,0.0
Wallula,2023-05-02 05:50:00.000,Unit3,0.0,Available,0,1,0.0,698.8617553710938,702.6700439453125,0,73.23577117919922,186760,0.0
Eastport,2023-05-02 05:50:00.000,Unit1,0.0,Available,0.26125475764274597,1,0.0,851.3339233398438,850.2388305664062,0,58.20000076293945,186740,0.0
Bend,2023-05-02 05:50:00.000,Unit3,11552.314453125,Running,109.58561706542969,2,11519.853992144059,873.5733032226562,670.4928588867188,7222.5,76.80000305175781,186735,882.2100219726562
Kent,2023-05-02 05:50:00.000,Unit1,9070.6923828125,Running,106.47265625,2,9113.905702789525,881.4688110351562,615.4669189453125,8703.2216796875,67.4000015258789,186744,487.0125732421875
Chemult,2023-05-02 05:50:00.000,Unit3,0.0,Running,102.0,2,7959.171893531049,860.0,778.0,4206.0,0.0,186738,0.0
Kent,2023-05-02 05:50:00.000,Unit4,0.0,Available,0.0,1,0.0,617.509765625,616.87744140625,0.0,69.80000305175781,186746,0.0
Madras,2023-05-02 05:50:00.000,Unit1,0.0,Available,0.0,1,0.0,675.091552734375,675.091552734375,0.0,73.0,186747,0.0
Athol,2023-05-02 05:50:00.000,Unit4,8997.830078125,Running,108.5638198852539,2,9333.34286397305,867.3638305664062,635.1654052734375,6997.5,60.900001525878906,186732,531.9271850585938
Kent,2023-05-02 05:55:00.000,Unit4,0.0,Available,0.0,1,0.0,617.9474487304688,617.0233764648438,0.0,69.5999984741211,186776,0.0
Wallula,2023-05-02 05:55:00.000,Unit2,17834.970703125,Running,127.23297882080078,2,13528.994735559709,908.8636474609375,693.9364624023438,80.77434539794922,86.16731262207031,186789,1211.5841064453125
Rosalia,2023-05-02 05:55:00.000,Unit2,0.0,Unavailable,0.0,0,0.0,0.9612303972244263,0.6738116145133972,0.365413099527359,69.05245971679688,186780,0.0
Chemult,2023-05-02 05:55:00.000,Unit3,0.0,Running,102.0,2,7959.171893531049,862.0,778.0,4206.0,0.0,186768,0.0
Bend,2023-05-02 05:55:00.000,Unit2,12350.134765625,Running,0.0,2,10222.200745659951,876.7263793945312,671.9566040039062,4471.6591796875,76.44050598144531,186764,876.0055541992188
Sandpoint,2023-05-02 06:00:00.000,Unit1,14575.8896484375,Running,126.19393920898438,2,14167.417730743988,838.975341796875,729.896240234375,96.33299255371094,64.0999984741211,186812,1747.0933837890625
Rosalia,2023-05-02 06:00:00.000,Unit2,0.0,Unavailable,0.0,0,0.0,0.9612303972244263,0.6738116145133972,0.36487627029418945,69.04912567138672,186810,0.0
Sandpoint,2023-05-02 06:00:00.000,Unit2,0.0,Available,0.0,1,0.0,384.1439514160156,384.6789855957031,0.0,71.70000457763672,186813,0.0
Ione,2023-05-02 06:00:00.000,Unit1,0.0,Available,,1,0.0,,,,,186802,0.0
Rosalia,2023-05-02 06:00:00.000,Unit1,13366.8154296875,Running,112.1902084350586,2,13547.420436148142,914.6563110351562,723.767822265625,88.89239501953125,70.33074188232422,186809,936.819580078125
Ione,2023-05-02 06:00:00.000,Unit2,0.0,Available,0.0,1,0.0,0.0,0.6410256624221802,0.0,72.0,186803,0.0
Kent,2023-05-02 06:00:00.000,Unit4,0.0,Available,0.0,1,0.0,618.2743530273438,617.0233764648438,0.0,69.5999984741211,186806,0.0
Kent,2023-05-02 06:05:00.000,Unit1,9120.494140625,Running,105.709716796875,2,9112.689254646897,882.5389404296875,615.807373046875,8711.392578125,67.4000015258789,186834,490.9270935058594
Sandpoint,2023-05-02 06:05:00.000,Unit2,0.0,Available,0.0,1,0.0,383.1225891113281,383.6575927734375,0.0,71.70000457763672,186843,0.0
Wallula,2023-05-02 06:05:00.000,Unit2,18936.767578125,Running,134.5713653564453,2,14187.953951421912,911.4785766601562,690.8560180664062,82.74898529052734,86.10894775390625,186849,1278.3934326171875
Kent,2023-05-02 06:05:00.000,Unit4,0.0,Available,0.0,1,0.0,617.2155151367188,617.2178955078125,0.0,69.30000305175781,186836,0.0
Starbuck,2023-05-02 06:05:00.000,Unit3,20033.0546875,Running,188.3001708984375,2,20007.57468200858,831.902099609375,718.9503173828125,4143.43017578125,73.0999984741211,186846,2320.843994140625
Wallula,2023-05-02 06:05:00.000,Unit1,18019.9375,Running,139.86402893066406,2,15767.2230175846,910.6030883789062,688.112548828125,92.35264587402344,78.30000305175781,186848,1307.18408203125
Bonanza,2023-05-02 06:05:00.000,Unit1,0.0,Available,0.0,1,0.0,0.38910505175590515,0.22697794437408447,0.0,72.83397674560547,186826,0.0
Rosalia,2023-05-02 06:05:00.000,Unit3,15307.9814453125,Running,122.52629089355469,2,14742.399854306617,913.9105224609375,721.2386474609375,7736.25048828125,70.20000457763672,186841,1307.5523681640625
Madras,2023-05-02 06:05:00.000,Unit2,0.0,Available,0.0,1,0.0,772.5274658203125,779.8534545898438,0.0,73.15287017822266,186838,0.0
Bend,2023-05-02 06:05:00.000,Unit3,11569.609375,Running,109.6626205444336,2,11441.315166796021,873.605712890625,670.979248046875,7217.25,76.80000305175781,186825,887.2645263671875
Bonanza,2023-05-02 06:05:00.000,Unit2,14662.504845826803,Running,123.52899932861328,2,14662.504845826803,913.2296142578125,743.5797729492188,7574.25,71.7509765625,186827,1490.08203125
Starbuck,2023-05-02 06:10:00.000,Unit3,20069.302734375,Running,188.963623046875,2,20007.57468200858,828.6001586914062,718.4513549804688,4147.642578125,73.0999984741211,186876,2337.840576171875
Athol,2023-05-02 06:10:00.000,Unit3,24393.51953125,Running,189.53395080566406,2,24438.655958905852,869.873046875,636.7598266601562,4586.3330078125,40.599998474121094,186851,1878.3702392578125
Bend,2023-05-02 06:10:00.000,Unit3,11508.970703125,Running,110.09893798828125,2,11441.315166796021,873.63818359375,671.4332275390625,7211.25,76.80000305175781,186855,884.4073486328125
Kent,2023-05-02 06:10:00.000,Unit1,9125.876953125,Running,105.53169250488281,2,9112.689254646897,882.5389404296875,615.9533081054688,8712.298828125,67.4000015258789,186864,487.8489074707031
Wallula,2023-05-02 06:10:00.000,Unit2,18342.9609375,Running,131.412353515625,2,14187.953951421912,910.1005249023438,690.6939086914062,82.7151107788086,86.10894775390625,186879,1217.602294921875
Rosalia,2023-05-02 06:10:00.000,Unit2,0.0,Unavailable,0.0,0,0.0,0.9612115025520325,0.6475152969360352,1.116899013519287,69.05790710449219,186870,0.0
Chemult,2023-05-02 06:10:00.000,Unit4,0.0,Unavailable,0.9989010691642761,0,0.0,1000.0,3.0,0.0,0.0,186859,0.0
Ione,2023-05-02 06:10:00.000,Unit2,0.0,Available,0.0,1,0.0,0.0,0.3205128312110901,0.0,71.80000305175781,186863,0.0
Stanfield,2023-05-02 06:10:00.000,Unit1,,Unavailable,0.0,0,0.0,771.0,768.0,0.0,63.0,186875,0.0
Rosalia,2023-05-02 06:15:00.000,Unit1,13594.5263671875,Running,112.85831451416016,2,13547.420436148142,914.7860107421875,724.5136108398438,89.45291137695312,70.47989654541016,186899,939.9737548828125
Starbuck,2023-05-02 06:15:00.000,Unit3,19907.861328125,Running,187.77931213378906,2,20007.57468200858,831.9520263671875,718.4696044921875,4133.66552734375,73.0999984741211,186906,2349.95556640625
Sandpoint,2023-05-02 06:15:00.000,Unit1,14673.0556640625,Running,127.52142333984375,2,14167.417730743988,840.1426391601562,730.771728515625,96.40921783447266,64.30000305175781,186902,1751.8492431640625
Rosalia,2023-05-02 06:15:00.000,Unit3,15211.5380859375,Running,120.3163070678711,2,14742.399854306617,913.5538330078125,721.5629272460938,7721.1083984375,70.20000457763672,186901,1304.4630126953125
Wallula,2023-05-02 06:15:00.000,Unit2,17012.5078125,Running,126.27271270751953,2,14187.953951421912,904.9287109375,695.46044921875,79.94580078125,86.10894775390625,186909,1188.78076171875
Bonanza,2023-05-02 06:15:00.000,Unit1,0.0,Available,0.0,1,0.0,0.42153048515319824,0.22697794437408447,0.0,72.8274917602539,186886,0.0
Bonanza,2023-05-02 06:15:00.000,Unit2,14662.504845826803,Running,124.897216796875,2,14662.504845826803,910.9597778320312,743.0285034179688,7598.25048828125,71.8028564453125,186887,1496.5399169921875
Eastport,2023-05-02 06:15:00.000,Unit2,20865.20703125,Running,176.81658935546875,2,20857.88448007502,888.6182861328125,732.4083251953125,4675.2880859375,58.0,186891,2212.149169921875
Athol,2023-05-02 06:15:00.000,Unit4,8946.1962890625,Running,107.33981323242188,2,9294.691046148475,867.4610595703125,636.7703857421875,6978.0673828125,60.900001525878906,186882,532.3195190429688
Eastport,2023-05-02 06:15:00.000,Unit1,0.0,Available,0.24073824286460876,1,0.0,851.0093383789062,849.1679077148438,0,58.0,186890,0.0
Rosalia,2023-05-02 06:20:00.000,Unit1,13677.4609375,Running,112.66131591796875,2,13537.296435250764,914.7860107421875,724.5136108398438,89.55553436279297,70.47989654541016,186929,936.8019409179688
Rosalia,2023-05-02 06:20:00.000,Unit2,0.0,Unavailable,0.0,0,0.0,0.9600856900215149,0.6447216272354126,0.6891205310821533,69.05365753173828,186930,0.0
Starbuck,2023-05-02 06:20:00.000,Unit4,0.0,Available,0.0,1,0.0,723.686767578125,723.8327026367188,0.0,80.30001831054688,186937,0.0
Bonanza,2023-05-02 06:20:00.000,Unit2,14720.366580997566,Running,125.06045532226562,2,14720.366580997566,911.8028564453125,743.0285034179688,7582.5,71.8028564453125,186917,1499.1270751953125
Ione,2023-05-02 06:20:00.000,Unit1,0.0,Available,,1,0.0,,,,,186922,0.0
Rosalia,2023-05-02 06:20:00.000,Unit3,15193.7001953125,Running,120.40131378173828,2,14554.228214719558,913.5862426757812,721.5629272460938,7716.75,70.20000457763672,186931,1304.7723388671875
Starbuck,2023-05-02 06:20:00.000,Unit3,19947.294921875,Running,188.04823303222656,2,19670.567536669972,829.9794921875,719.4124145507812,4138.29736328125,73.0999984741211,186936,2347.0205078125
Bonanza,2023-05-02 06:25:00.000,Unit1,0.0,Available,0.0,1,0.0,0.38910505175590515,0.19455252587795258,0.0,72.83397674560547,186946,0.0
Sandpoint,2023-05-02 06:25:00.000,Unit3,0.0,Available,0.0,1,0.0,739.9156494140625,740.6939086914062,0.0,77.5999984741211,186964,0.0
Wallula,2023-05-02 06:25:00.000,Unit2,19302.31640625,Running,134.08956909179688,2,13340.491243003522,912.1595458984375,688.8456420898438,83.73983764648438,85.98249053955078,186969,1266.3187255859375
Starbuck,2023-05-02 06:25:00.000,Unit4,0.0,Available,0.0,1,0.0,724.1588745117188,724.2704467773438,0.0,80.30000305175781,186967,0.0
Kent,2023-05-02 06:25:00.000,Unit1,9053.0830078125,Running,105.47235107421875,2,9217.678523772112,883.1712036132812,616.2937622070312,8705.458984375,67.4000015258789,186954,477.7461242675781
Kent,2023-05-02 06:25:00.000,Unit3,16680.5390625,Running,135.3118133544922,2,16565.99884530615,880.7068481445312,616.2451782226562,8295.75,67.4000015258789,186955,944.1800537109375
Chemult,2023-05-02 06:30:00.000,Unit4,0.0,Unavailable,0.0,0,0.0,1000.0,5.882099151611328,0.0,0.0,186979,0.0
Sandpoint,2023-05-02 06:30:00.000,Unit1,14752.7548828125,Running,127.20416259765625,2,14173.225696027266,840.6290283203125,731.0635375976562,96.57012176513672,64.4000015258789,186992,1753.0081787109375
Kent,2023-05-02 06:30:00.000,Unit1,8986.82421875,Running,105.54864501953125,2,9125.317064870596,883.4144287109375,616.2937622070312,8703.2216796875,67.4000015258789,186984,472.3812255859375
Rosalia,2023-05-02 06:30:00.000,Unit3,15125.1318359375,Running,120.80760192871094,2,14469.618569430257,913.5862426757812,722.016845703125,7702.5,70.20000457763672,186991,1301.1431884765625
Chemult,2023-05-02 06:30:00.000,Unit3,0.0,Running,101.9974136352539,2,7959.171893531049,860.0,778.0,4196.0,0.0,186978,0.0
Sandpoint,2023-05-02 06:30:00.000,Unit2,0.0,Available,0.0,1,0.0,378.9883117675781,378.5505676269531,0.0,71.4000015258789,186993,0.0
Bonanza,2023-05-02 06:30:00.000,Unit2,14682.598382206781,Running,125.80465698242188,2,14682.598382206781,911.0349731445312,743.2230834960938,7613.25,71.77691650390625,186977,1498.55712890625
Athol,2023-05-02 06:30:00.000,Unit3,24379.927734375,Running,188.2252655029297,2,23810.674913199484,870.353759765625,637.7211303710938,4573.1669921875,40.599998474121094,186971,1863.6005859375
Eastport,2023-05-02 06:30:00.000,Unit2,20268.544921875,Running,172.43560791015625,2,20339.30690633392,887.6571044921875,732.8890380859375,4623.2880859375,58.29999923706055,186981,2196.313720703125
Wallula,2023-05-02 06:35:00.000,Unit3,0.0,Available,0,1,0.0,695.6097412109375,698.7565307617188,0,73.1056900024414,187030,0.0
Rosalia,2023-05-02 06:35:00.000,Unit2,0.0,Unavailable,0,0,0.0,0.9612303972244263,0.7444066405296326,0.8058660626411438,69.06888580322266,187020,0.0
Wallula,2023-05-02 06:35:00.000,Unit2,18378.109375,Running,131.08871459960938,2,15007.569006712236,908.3333740234375,690.4669189453125,81.88516235351562,86.37158966064453,187029,1246.2449951171875
Bend,2023-05-02 06:35:00.000,Unit1,0.0,Available,0.0,1,0.0,0.38316577672958374,0.39895641803741455,0.0,75.4114761352539,187003,0.0
Chemult,2023-05-02 06:35:00.000,Unit3,0.0,Running,102.0,2,7959.171893531049,860.0,778.0,4196.0,0.0,187008,0.0
Bonanza,2023-05-02 06:35:00.000,Unit2,14682.598382206781,Running,125.0262451171875,2,14682.598382206781,912.5162353515625,743.2230834960938,7608.0,71.77691650390625,187007,1499.4822998046875
Eastport,2023-05-02 06:35:00.000,Unit1,0.0,Available,0.26116660237312317,1,0.0,851.0093383789062,849.1679077148438,0,58.29999923706055,187010,0.0
Bend,2023-05-02 06:35:00.000,Unit3,11447.380859375,Running,109.19207000732422,2,11387.383788990055,873.7030029296875,672.892333984375,7194.75,76.70000457763672,187005,888.9308471679688
Madras,2023-05-02 06:35:00.000,Unit2,0.0,Available,0.0,1,0.0,774.7252807617188,782.7838745117188,0.0,73.15287017822266,187018,0.0
Kent,2023-05-02 06:35:00.000,Unit3,16662.244140625,Running,135.97303771972656,2,16548.476477271786,881.3878173828125,616.5045776367188,8289.75,67.4000015258789,187015,942.931396484375
Ione,2023-05-02 06:40:00.000,Unit1,0.0,Available,,1,0.0,,,,,187042,0.0
Chemult,2023-05-02 06:40:00.000,Unit4,0.0,Unavailable,0.0,0,0.0,1000.0,10.0,0.0,0.0,187039,0.0
Starbuck,2023-05-02 06:40:00.000,Unit3,19711.642578125,Running,186.36627197265625,2,19562.44295865411,825.7111206054688,719.4138793945312,4121.9521484375,73.0999984741211,187056,2337.906005859375
Sandpoint,2023-05-02 06:40:00.000,Unit3,0.0,Available,0.0,1,0.0,739.7535400390625,739.9805297851562,0.0,77.5999984741211,187054,0.0
Rosalia,2023-05-02 06:40:00.000,Unit1,13629.064453125,Running,113.24725341796875,2,13699.936136391927,914.5914306640625,725.356689453125,89.74501037597656,70.43450164794922,187049,941.1705322265625
Kent,2023-05-02 06:40:00.000,Unit1,8995.4462890625,Running,106.49542236328125,2,9074.138234928927,883.8035278320312,616.48828125,8700.982421875,67.4000015258789,187044,467.45947265625
Stanfield,2023-05-02 06:45:00.000,Unit1,,Unavailable,0.0,0,0.0,771.0,769.0,0.0,63.0,187085,0.0
Wallula,2023-05-02 06:45:00.000,Unit2,17935.767578125,Running,129.2835693359375,2,14473.882976632043,909.0791625976562,689.299560546875,82.95223236083984,86.1186752319336,187089,1190.2242431640625
Madras,2023-05-02 06:45:00.000,Unit1,0.0,Available,0.0,1,0.0,675.091552734375,675.091552734375,0.0,74.0,187077,0.0
Starbuck,2023-05-02 06:45:00.000,Unit3,19674.64453125,Running,186.4387969970703,2,19506.266402443325,828.547607421875,719.430908203125,4121.4521484375,73.0999984741211,187086,2343.257080078125
Sandpoint,2023-05-02 06:45:00.000,Unit3,0.0,Available,0.0,1,0.0,739.3968505859375,739.9805297851562,0.0,77.5,187084,0.0
Bend,2023-05-02 06:50:00.000,Unit2,12085.9775390625,Running,0.0,2,10063.907837549435,876.8592529296875,675.51171875,4437.43603515625,76.16047668457031,187094,877.1821899414062
Bonanza,2023-05-02 06:50:00.000,Unit1,0.0,Available,0.0,1,0.0,0.35667964816093445,0.19455252587795258,0.0,72.71724700927734,187096,0.0
Sandpoint,2023-05-02 06:50:00.000,Unit2,0.0,Available,0.0,1,0.0,375.82684326171875,375.437744140625,0.0,71.30000305175781,187113,0.0
Ione,2023-05-02 06:50:00.000,Unit2,0.0,Available,0.0,1,0.0,0.0,0.3205128312110901,0.0,71.5999984741211,187103,0.0
Kent,2023-05-02 06:50:00.000,Unit4,0.0,Available,0.0,1,0.0,618.6770629882812,617.558349609375,0.0,69.0999984741211,187106,0.0
Sandpoint,2023-05-02 06:50:00.000,Unit1,14854.9482421875,Running,128.0369873046875,2,14424.516191093817,842.3475952148438,730.9662475585938,96.60399627685547,64.30000305175781,187112,1751.17724609375
Sandpoint,2023-05-02 06:55:00.000,Unit2,0.0,Available,0.0,1,0.0,374.8054504394531,374.4163513183594,0.0,71.30000305175781,187143,0.0
Bend,2023-05-02 06:55:00.000,Unit2,12118.0263671875,Running,0.0,2,10002.105327456122,876.8592529296875,675.51171875,4438.16162109375,76.16047668457031,187124,879.1935424804688
Kent,2023-05-02 06:55:00.000,Unit3,16671.822265625,Running,135.56613159179688,2,16548.125578113755,882.2308959960938,616.8287963867188,8293.5,67.4000015258789,187135,941.5758666992188
Athol,2023-05-02 06:55:00.000,Unit3,24299.427734375,Running,187.0361785888672,2,23826.35885004591,869.873046875,638.6824340820312,4565.357421875,40.70000076293945,187121,1880.8875732421875
Rosalia,2023-05-02 06:55:00.000,Unit3,14962.177734375,Running,121.90238189697266,2,14324.76833304344,913.5862426757812,722.8599243164062,7670.25,70.20000457763672,187141,1296.4630126953125
Madras,2023-05-02 06:55:00.000,Unit2,0.0,Available,0.0,1,0.0,775.4578857421875,781.6849975585938,0.0,73.15287017822266,187138,0.0
Ione,2023-05-02 06:55:00.000,Unit1,0.0,Available,,1,0.0,,,,,187132,0.0
Eastport,2023-05-02 06:55:00.000,Unit2,19906.08984375,Running,170.76939392089844,2,19811.489650598152,886.215087890625,733.850341796875,4589.8740234375,58.400001525878906,187131,2205.68603515625
Sandpoint,2023-05-02 07:00:00.000,Unit1,14955.97265625,Running,128.497314453125,2,14401.548128339868,842.5421752929688,730.933837890625,96.70561981201172,64.4000015258789,187172,1754.419921875
Kent,2023-05-02 07:00:00.000,Unit3,16666.759765625,Running,135.9391326904297,2,16548.125578113755,882.2308959960938,616.95849609375,8289.75,67.4000015258789,187165,941.7595825195312
Chemult,2023-05-02 07:00:00.000,Unit3,0.0,Running,102.0,2,7944.1608552390735,860.0,777.0,4197.62939453125,0.0,187158,0.0
Madras,2023-05-02 07:00:00.000,Unit1,0.0,Available,0.0,1,0.0,674.7252807617188,675.091552734375,0.0,73.0,187167,0.0
Bend,2023-05-02 07:00:00.000,Unit1,0.0,Available,0.0,1,0.0,0.37788355350494385,0.3795354962348938,0.0,75.2870101928711,187153,0.0
Rosalia,2023-05-02 07:00:00.000,Unit2,0.0,Unavailable,0.0,0,0.0,0.9612303972244263,0.6734924912452698,0.6440534591674805,69.08311462402344,187170,0.0
Bend,2023-05-02 07:00:00.000,Unit3,11327.423828125,Running,107.71199035644531,2,11254.707682307773,873.605712890625,674.7081909179688,7166.25,76.5,187155,888.6909790039062
Athol,2023-05-02 07:00:00.000,Unit4,8966.5185546875,Running,108.32943725585938,2,9236.197577092398,869.6011352539062,637.4027709960938,6959.99951171875,61.0,187152,536.7730102539062
Starbuck,2023-05-02 07:00:00.000,Unit3,19639.5078125,Running,186.32257080078125,2,19503.447890784628,827.5762939453125,720.3922119140625,4120.0,72.9000015258789,187176,2337.901611328125
Bonanza,2023-05-02 07:05:00.000,Unit1,0.0,Available,0.0,1,0.0,0.35667964816093445,0.29182878136634827,0.0,72.95071411132812,187186,0.0
Starbuck,2023-05-02 07:05:00.000,Unit4,0.0,Available,0.0,1,0.0,725.0834350585938,724.805419921875,0.0,80.0,187207,0.0
Stanfield,2023-05-02 07:05:00.000,Unit1,,Unavailable,0.0,0,0.0,768.0,767.0,0.0,62.0,187205,0.0
Sandpoint,2023-05-02 07:05:00.000,Unit2,0.0,Available,0.0,1,0.0,372.7139892578125,372.37353515625,0.0,71.30000305175781,187203,0.0
Madras,2023-05-02 07:05:00.000,Unit2,0.0,Available,0.0,1,0.0,776.1904907226562,783.1502075195312,0.0,73.15287017822266,187198,0.0
Wallula,2023-05-02 07:05:00.000,Unit3,0.0,Available,0,1,0.0,691.056884765625,694.8435668945312,0,72.84552764892578,187210,0.0
Eastport,2023-05-02 07:05:00.000,Unit2,19400.65234375,Running,167.5384063720703,2,19158.919471743317,885.7344970703125,735.292236328125,4550.5615234375,58.20000076293945,187191,2175.982177734375
Kent,2023-05-02 07:10:00.000,Unit1,8981.7587890625,Running,105.26890563964844,2,9110.738627775423,885.3599243164062,617.072021484375,8716.3828125,67.30000305175781,187224,475.5677795410156
Madras,2023-05-02 07:10:00.000,Unit1,0.0,Available,0.0,1,0.0,675.091552734375,674.7252807617188,0.0,73.0,187227,0.0
Athol,2023-05-02 07:10:00.000,Unit3,24262.07421875,Running,186.8037872314453,2,23732.029207106247,871.3150634765625,639.6436157226562,4559.52392578125,40.70000076293945,187211,1866.1260986328125
Sandpoint,2023-05-02 07:10:00.000,Unit3,0.0,Available,0.0,1,0.0,738.7483520507812,739.1050415039062,0.0,77.5,187234,0.0
Bend,2023-05-02 07:10:00.000,Unit3,11314.7451171875,Running,107.87454223632812,2,11261.964618852091,873.7030029296875,675.162109375,7153.49951171875,76.5,187215,889.8591918945312
Eastport,2023-05-02 07:10:00.000,Unit1,0.0,Available,0.26116588711738586,1,0.0,851.0093383789062,849.1679077148438,0,58.20000076293945,187220,0.0
Wallula,2023-05-02 07:10:00.000,Unit2,19186.01171875,Running,135.0425262451172,2,13744.615920450002,909.1763916015625,686.54345703125,83.24017333984375,86.31322479248047,187239,1268.1170654296875
Ione,2023-05-02 07:10:00.000,Unit2,0.0,Available,0.0,1,0.0,0.0,0.3205128312110901,0.0,71.4000015258789,187223,0.0
Stanfield,2023-05-02 07:10:00.000,Unit1,,Unavailable,0.0,0,0.0,767.0,765.0,0.0,62.0,187235,0.0
Chemult,2023-05-02 07:15:00.000,Unit3,0.0,Running,102.0,2,7938.831091696251,859.0,777.0,4204.0,0.0,187248,0.0
Ione,2023-05-02 07:15:00.000,Unit2,0.0,Available,0.0,1,0.0,0.0,0.6410256624221802,0.0,71.4000015258789,187253,0.0
Wallula,2023-05-02 07:15:00.000,Unit1,18735.34375,Running,143.7550506591797,2,17660.85762172878,910.4409790039062,680.5771484375,93.96172332763672,78.5999984741211,187268,1297.4312744140625
Wallula,2023-05-02 07:15:00.000,Unit3,0.0,Available,0,1,0.0,690.406494140625,694.25537109375,0,72.84552764892578,187270,0.0
Bonanza,2023-05-02 07:15:00.000,Unit1,0.0,Available,0.0,1,0.0,0.35667964816093445,0.22697794437408447,0.0,72.71076202392578,187246,0.0
Sandpoint,2023-05-02 07:15:00.000,Unit2,0.0,Available,0.0,1,0.0,370.67120361328125,371.3521423339844,0.0,71.0999984741211,187263,0.0
Sandpoint,2023-05-02 07:15:00.000,Unit3,0.0,Available,0.0,1,0.0,738.4241333007812,739.1050415039062,0.0,77.5,187264,0.0
Ione,2023-05-02 07:15:00.000,Unit1,0.0,Available,,1,0.0,,,,,187252,0.0
Madras,2023-05-02 07:15:00.000,Unit1,0.0,Available,0.0,1,0.0,675.091552734375,675.091552734375,0.0,73.0,187257,0.0
Eastport,2023-05-02 07:20:00.000,Unit2,18891.9296875,Running,163.63368225097656,2,18958.914654597895,883.3311767578125,739.6180419921875,4512.19677734375,58.20000076293945,187281,2189.578125
Bend,2023-05-02 07:20:00.000,Unit1,0.0,Available,0.0,1,0.0,0.3778058588504791,0.38198983669281006,0.0,75.22557067871094,187273,0.0
Rosalia,2023-05-02 07:20:00.000,Unit3,14818.3974609375,Running,120.3163070678711,2,14178.28823826997,913.651123046875,723.6381225585938,7644.0,70.30000305175781,187291,1292.521484375
Bend,2023-05-02 07:20:00.000,Unit2,12034.6767578125,Running,0.0,2,9984.223348454827,876.7633666992188,677.061279296875,4415.9677734375,75.989990234375,187274,876.757080078125
Bonanza,2023-05-02 07:20:00.000,Unit1,0.0,Available,0.0,1,0.0,0.42153048515319824,0.22697794437408447,0.0,72.95719909667969,187276,0.0
Athol,2023-05-02 07:20:00.000,Unit3,24177.703125,Running,186.8383026123047,2,23672.04488095413,871.3150634765625,639.6436157226562,4557.0712890625,40.70000076293945,187271,1867.3323974609375
Stanfield,2023-05-02 07:20:00.000,Unit1,,Unavailable,0.0,0,0.0,765.0,763.0,0.0,62.0,187295,0.0
Madras,2023-05-02 07:20:00.000,Unit2,0.0,Available,0.0,1,0.0,777.2893676757812,783.8828125,0.0,73.15287017822266,187288,0.0
Eastport,2023-05-02 07:20:00.000,Unit1,0.0,Available,0.26125475764274597,1,0.0,851.0093383789062,849.1679077148438,0,58.20000076293945,187280,0.0
Chemult,2023-05-02 07:20:00.000,Unit3,0.0,Running,102.0,2,7938.831091696251,859.0,777.0,4196.0,0.0,187278,0.0
Athol,2023-05-02 07:20:00.000,Unit4,8919.9208984375,Running,108.1297836303711,2,9246.44870066172,870.0388793945312,639.1536865234375,6949.49951171875,60.900001525878906,187272,528.2869262695312
Wallula,2023-05-02 07:20:00.000,Unit2,18579.25390625,Running,130.23370361328125,2,15503.351462036662,908.4475708007812,685.3436889648438,83.55352020263672,86.12840270996094,187299,1214.5174560546875
Chemult,2023-05-02 07:20:00.000,Unit4,0.0,Unavailable,0.0,0,0.0,1000.0,11.0,0.0,0.0,187279,0.0
Eastport,2023-05-02 07:25:00.000,Unit2,18982.05078125,Running,163.63368225097656,2,18758.247530592103,883.3311767578125,739.6180419921875,4515.85546875,58.5,187311,2178.76025390625
Madras,2023-05-02 07:25:00.000,Unit2,0.0,Available,0.0,1,0.0,777.2893676757812,783.8828125,0.0,73.15287017822266,187318,0.0
Athol,2023-05-02 07:25:00.000,Unit4,8980.0849609375,Running,108.78084564208984,2,9147.492251371186,869.5038452148438,638.7159423828125,6953.99951171875,61.10000228881836,187302,537.13134765625
Rosalia,2023-05-02 07:25:00.000,Unit3,14767.9541015625,Running,121.24303436279297,2,14147.355070806063,913.651123046875,724.092041015625,7634.88330078125,70.20000457763672,187321,1290.8055419921875
Sandpoint,2023-05-02 07:25:00.000,Unit2,0.0,Available,0.0,1,0.0,369.6498107910156,369.309326171875,0.0,71.0999984741211,187323,0.0
Kent,2023-05-02 07:25:00.000,Unit3,16657.802734375,Running,135.39505004882812,2,16544.88675451542,883.2684936523438,617.153076171875,8289.0,67.4000015258789,187315,939.34326171875
Bonanza,2023-05-02 07:30:00.000,Unit1,0.0,Available,0.0,1,0.0,0.38910505175590515,0.19455252587795258,0.0,72.97665405273438,187336,0.0
Chemult,2023-05-02 07:30:00.000,Unit4,0.0,Unavailable,0.0,0,0.0,1000.0,8.0,0.0,0.0,187339,0.0
Eastport,2023-05-02 07:30:00.000,Unit2,18750.73046875,Running,161.6073760986328,2,18758.247530592103,883.3311767578125,739.6180419921875,4479.65625,58.5,187341,2170.459716796875
Madras,2023-05-02 07:30:00.000,Unit1,0.0,Available,0.0,1,0.0,675.4578857421875,675.091552734375,0.0,73.0,187347,0.0
Eastport,2023-05-02 07:30:00.000,Unit1,0.0,Available,0.2602754831314087,1,0.0,851.0093383789062,849.1679077148438,0,58.5,187340,0.0
Madras,2023-05-02 07:30:00.000,Unit2,0.0,Available,0.0,1,0.0,778.3883056640625,784.6153564453125,0.0,73.15287017822266,187348,0.0
Ione,2023-05-02 07:30:00.000,Unit2,0.0,Available,0.0,1,0.0,0.0,0.6410256624221802,0.0,71.30000305175781,187343,0.0
Sandpoint,2023-05-02 07:30:00.000,Unit1,14912.5400390625,Running,127.47132873535156,2,14317.202948593169,842.5421752929688,730.3177490234375,96.40074157714844,64.30000305175781,187352,1744.401611328125
Bend,2023-05-02 07:30:00.000,Unit2,11961.03125,Running,0.0,2,9924.145960286924,876.6019897460938,677.57421875,4411.3330078125,75.97300720214844,187334,876.7858276367188
Kent,2023-05-02 07:35:00.000,Unit3,16678.255859375,Running,136.06593322753906,2,16544.88675451542,883.7872924804688,617.2827758789062,8291.25,67.30000305175781,187375,938.4412231445312
Madras,2023-05-02 07:35:00.000,Unit2,0.0,Available,0.0,1,0.0,777.2893676757812,783.5164794921875,0.0,73.15287017822266,187378,0.0
Kent,2023-05-02 07:35:00.000,Unit1,9002.9794921875,Running,104.0736312866211,2,8985.49417004102,886.4622192382812,617.509765625,8710.681640625,67.30000305175781,187374,461.66790771484375
Ione,2023-05-02 07:35:00.000,Unit1,0.0,Available,,1,0.0,,,,,187372,0.0
Wallula,2023-05-02 07:35:00.000,Unit1,17891.607421875,Running,136.9665069580078,2,16589.68469504406,908.6900634765625,680.3826293945312,92.25792694091797,78.80000305175781,187388,1247.5885009765625
Starbuck,2023-05-02 07:35:00.000,Unit3,19620.31640625,Running,185.1072998046875,2,19302.64684558325,823.2503662109375,720.3922119140625,4119.02392578125,73.0999984741211,187386,2370.9775390625
Wallula,2023-05-02 07:35:00.000,Unit2,18900.017578125,Running,133.18661499023438,2,14302.648183955855,908.8351440429688,682.9442138671875,84.0193099975586,86.22567749023438,187389,1210.24755859375
Eastport,2023-05-02 07:35:00.000,Unit2,18794.001953125,Running,161.6073760986328,2,18758.247530592103,883.3311767578125,739.6180419921875,4489.76171875,58.400001525878906,187371,2180.242919921875
Chemult,2023-05-02 07:40:00.000,Unit3,0.0,Running,102.0,2,7938.831091696251,859.0,777.0,4202.0234375,0.0,187398,0.0
Rosalia,2023-05-02 07:40:00.000,Unit3,14682.1201171875,Running,120.69916534423828,2,14161.443496827818,913.651123046875,724.3190307617188,7616.29541015625,70.30000305175781,187411,1286.70947265625
Stanfield,2023-05-02 07:40:00.000,Unit1,,Unavailable,0.0,0,0.0,759.0,757.0,0.0,62.0,187415,0.0
Bonanza,2023-05-02 07:40:00.000,Unit1,0.0,Available,0.0,1,0.0,0.38910505175590515,0.22697794437408447,0.0,72.80155181884766,187396,0.0
Athol,2023-05-02 07:45:00.000,Unit3,24267.537109375,Running,187.72207641601562,2,23679.538251873964,872.7569580078125,639.6436157226562,4564.880859375,40.70000076293945,187421,1876.0362548828125
Madras,2023-05-02 07:45:00.000,Unit1,0.0,Available,0.0,1,0.0,674.7252807617188,674.7252807617188,0.0,73.0,187437,0.0
Bonanza,2023-05-02 07:45:00.000,Unit2,14723.408776715076,Running,124.40178680419922,2,14723.408776715076,908.3657836914062,740.6939086914062,7591.80029296875,71.854736328125,187427,1495.84912109375
Bend,2023-05-02 07:45:00.000,Unit1,0.0,Available,0.0,1,0.0,0.37859442830085754,0.4129321277141571,0.0,75.13397979736328,187423,0.0
Eastport,2023-05-02 07:45:00.000,Unit2,18733.232421875,Running,161.8581085205078,2,18562.04771065871,881.8892822265625,740.0987548828125,4472.6669921875,58.5,187431,2190.674072265625
Sandpoint,2023-05-02 07:45:00.000,Unit1,14876.888671875,Running,126.83708190917969,2,14330.294463134198,842.1206665039062,729.8314208984375,96.4430923461914,64.4000015258789,187442,1743.2137451171875
Rosalia,2023-05-02 07:45:00.000,Unit3,14715.70703125,Running,119.9832763671875,2,14122.504036583783,913.651123046875,724.2542114257812,7624.74267578125,70.30000305175781,187441,1289.0267333984375
Rosalia,2023-05-02 07:45:00.000,Unit2,0.0,Unavailable,0.0,0,0.0,0.9612303972244263,0.6408287882804871,1.2999688386917114,69.0731430053711,187440,0.0
Starbuck,2023-05-02 07:50:00.000,Unit3,19270.53515625,Running,182.99913024902344,2,19118.36985974334,823.2879028320312,720.3762817382812,4095.519287109375,73.0,187476,2361.74072265625
Wallula,2023-05-02 07:50:00.000,Unit3,0.0,Available,0,1,0.0,686.1788330078125,689.6761474609375,0,72.65040588378906,187480,0.0
Bonanza,2023-05-02 07:50:00.000,Unit2,14723.408776715076,Running,124.50444793701172,2,14723.408776715076,910.1246337890625,741.7315063476562,7588.5,71.82231140136719,187457,1492.2847900390625
Sandpoint,2023-05-02 07:50:00.000,Unit2,0.0,Available,0.0,1,0.0,364.4941711425781,365.2237243652344,0.0,70.9000015258789,187473,0.0
Stanfield,2023-05-02 07:50:00.000,Unit1,,Unavailable,0.0,0,0.0,757.0,755.0,0.0,61.0,187475,0.0
Eastport,2023-05-02 07:50:00.000,Unit1,0.0,Available,0.26125121116638184,1,0.0,851.0093383789062,849.1679077148438,0,58.5,187460,0.0
Kent,2023-05-02 07:50:00.000,Unit1,9007.2548828125,Running,106.23529815673828,2,8932.265979854381,886.7703857421875,617.7042846679688,8703.966796875,67.30000305175781,187464,463.203125
Stanfield,2023-05-02 07:55:00.000,Unit1,,Unavailable,0.0,0,0.0,755.0,754.0,0.0,61.0,187505,0.0
Madras,2023-05-02 07:55:00.000,Unit2,0.0,Available,0.0,1,0.0,778.3883056640625,785.7142944335938,0.0,73.15287017822266,187498,0.0
Kent,2023-05-02 07:55:00.000,Unit1,8984.1728515625,Running,106.09513854980469,2,9018.237784788378,886.7703857421875,617.7529296875,8705.458984375,67.30000305175781,187494,461.0650634765625
Eastport,2023-05-02 07:55:00.000,Unit2,18459.54296875,Running,160.78439331054688,2,18461.46103491896,882.369873046875,740.579345703125,4472.6875,58.400001525878906,187491,2192.398681640625
Bonanza,2023-05-02 07:55:00.000,Unit1,0.0,Available,0.0,1,0.0,0.35667964816093445,0.22697794437408447,0.0,72.76912689208984,187486,0.0
Rosalia,2023-05-02 07:55:00.000,Unit2,0.0,Unavailable,0.0,0,0.0,0.9541587233543396,0.6566823124885559,0.47475630044937134,69.07682037353516,187500,0.0
Bend,2023-05-02 07:55:00.000,Unit3,11204.5869140625,Running,107.52377319335938,2,11151.615360605016,873.6705932617188,676.8157958984375,7134.75,76.20000457763672,187485,893.0448608398438
Chemult,2023-05-02 08:00:00.000,Unit3,0.0,Running,102.0,2,8008.8963736646265,859.0,777.0,4206.0,0.0,187518,0.0
Stanfield,2023-05-02 08:00:00.000,Unit1,,Unavailable,0.0,0,0.0,754.0,752.0,0.0,61.0,187535,0.0
Bend,2023-05-02 08:00:00.000,Unit3,11209.4814453125,Running,107.59221649169922,2,11151.615360605016,873.767822265625,676.9779052734375,7124.99951171875,76.20000457763672,187515,893.0650634765625
Starbuck,2023-05-02 08:00:00.000,Unit4,0.0,Available,0.0,1,0.0,725.0,724.562255859375,0.0,79.8001708984375,187537,0.0
Wallula,2023-05-02 08:00:00.000,Unit3,0.0,Available,0,1,0.0,684.8780517578125,688.3719482421875,0,72.71544647216797,187540,0.0
Rosalia,2023-05-02 08:00:00.000,Unit3,14693.513671875,Running,120.47492980957031,2,14079.40550342774,913.6187133789062,724.5136108398438,7617.99462890625,70.20000457763672,187531,1287.1124267578125
Kent,2023-05-02 08:00:00.000,Unit4,0.0,Available,0.0,1,0.0,619.1633911132812,617.9474487304688,0.0,68.5,187526,0.0
Starbuck,2023-05-02 08:05:00.000,Unit4,0.0,Available,0.0,1,0.0,725.0868530273438,724.805419921875,0.0,79.80000305175781,187567,0.0
Bend,2023-05-02 08:05:00.000,Unit3,11182.2646484375,Running,107.04153442382812,2,11106.21050724789,873.767822265625,676.9779052734375,7124.99951171875,76.20000457763672,187545,892.5633544921875
Eastport,2023-05-02 08:05:00.000,Unit2,18506.80078125,Running,160.89627075195312,2,18377.036064218493,881.4085693359375,742.021240234375,4467.787109375,58.599998474121094,187551,2193.859619140625
Starbuck,2023-05-02 08:05:00.000,Unit3,19260.771484375,Running,182.20220947265625,2,18947.3121212905,820.8472900390625,720.872802734375,4103.90478515625,73.0,187566,2371.499267578125
Kent,2023-05-02 08:05:00.000,Unit4,0.0,Available,0.0,1,0.0,618.9202270507812,619.4552612304688,0.0,68.5,187556,0.0
Stanfield,2023-05-02 08:05:00.000,Unit1,,Unavailable,0.0,0,0.0,753.0,750.0,0.0,61.0,187565,0.0
Rosalia,2023-05-02 08:05:00.000,Unit1,13835.6767578125,Running,113.40485382080078,2,13859.322359889067,914.7211303710938,727.78857421875,89.76869201660156,70.46044158935547,187559,949.4492797851562
Athol,2023-05-02 08:05:00.000,Unit4,8980.67578125,Running,108.52909851074219,2,9209.73224227571,868.7256469726562,637.7432250976562,6968.25,61.0,187542,535.1326904296875
Sandpoint,2023-05-02 08:10:00.000,Unit2,0.0,Available,0.0,1,0.0,361.3813171386719,361.0895080566406,0.0,70.9000015258789,187593,0.0
Bonanza,2023-05-02 08:10:00.000,Unit1,0.0,Available,0.0,1,0.0,0.38910505175590515,0.19455252587795258,0.0,72.76912689208984,187576,0.0
Ione,2023-05-02 08:10:00.000,Unit1,0.0,Available,,1,0.0,,,,,187582,0.0
Bend,2023-05-02 08:15:00.000,Unit3,11185.4365234375,Running,107.15589904785156,2,11086.617442527719,873.80029296875,677.431884765625,7118.99951171875,76.0999984741211,187605,894.3591918945312
Eastport,2023-05-02 08:15:00.000,Unit2,18594.341796875,Running,160.8089141845703,2,18150.415138351993,881.8892822265625,742.021240234375,4463.130859375,58.599998474121094,187611,2200.150634765625
Bend,2023-05-02 08:15:00.000,Unit1,0.0,Available,0.0,1,0.0,0.37757977843284607,0.407631516456604,0.0,75.02749633789062,187603,0.0
Athol,2023-05-02 08:15:00.000,Unit4,8979.55078125,Running,108.72007751464844,2,9170.202101861098,869.9415893554688,637.8890991210938,6966.0,60.900001525878906,187602,527.3551635742188
Sandpoint,2023-05-02 08:15:00.000,Unit3,0.0,Available,0.0,1,0.0,736.5110473632812,737.0947265625,0.0,77.30000305175781,187624,0.0
Starbuck,2023-05-02 08:15:00.000,Unit4,0.0,Available,0.0,1,0.0,725.330078125,724.9027099609375,0.0,79.80000305175781,187627,0.0
Wallula,2023-05-02 08:15:00.000,Unit2,20131.044921875,Running,138.58937072753906,2,15595.69268741305,910.830078125,677.2048950195312,85.33197784423828,86.17704010009766,187629,1256.510986328125
Ione,2023-05-02 08:15:00.000,Unit2,0.0,Available,0.0,1,0.0,0.0,0.6410256624221802,0.0,71.0999984741211,187613,0.0
Bonanza,2023-05-02 08:20:00.000,Unit1,0.0,Available,0.0,1,0.0,0.38910505175590515,0.25940337777137756,0.0,72.75615692138672,187636,0.0
Madras,2023-05-02 08:20:00.000,Unit2,0.0,Available,0.0,1,0.0,780.952392578125,786.4468994140625,0.0,73.15287017822266,187648,0.0
Chemult,2023-05-02 08:20:00.000,Unit4,0.0,Unavailable,0.0,0,0.0,1000.0,12.0,0.0,0.0,187639,0.0
Madras,2023-05-02 08:20:00.000,Unit1,0.0,Available,0.0,1,0.0,674.3589477539062,674.7252807617188,0.0,73.0,187647,0.0
Ione,2023-05-02 08:20:00.000,Unit2,0.0,Available,0.0,1,0.0,0.0,0.6410256624221802,0.0,71.0999984741211,187643,0.0
Eastport,2023-05-02 08:20:00.000,Unit1,0.0,Available,0.25157755613327026,1,0.0,851.0093383789062,849.1679077148438,0,58.599998474121094,187640,0.0
Rosalia,2023-05-02 08:20:00.000,Unit2,0.0,Unavailable,0.0,0,0.0,0.9612303972244263,0.6906440258026123,0.7951502799987793,69.07801055908203,187650,0.0
Rosalia,2023-05-02 08:20:00.000,Unit3,14668.2900390625,Running,119.71517944335938,2,14012.15704664292,913.6835327148438,725.2918701171875,7613.25,70.30000305175781,187651,1287.6627197265625
Madras,2023-05-02 08:25:00.000,Unit2,0.0,Available,0.0,1,0.0,779.8534545898438,786.4468994140625,0.0,73.15287017822266,187678,0.0
Chemult,2023-05-02 08:25:00.000,Unit3,0.0,Running,101.0,2,8026.223416301411,859.0,777.0,4206.0,0.0,187668,0.0
Rosalia,2023-05-02 08:25:00.000,Unit2,0.0,Unavailable,0.0,0,0.0,0.9590857625007629,0.6667702794075012,0.5176962614059448,69.06352233886719,187680,0.0
Kent,2023-05-02 08:25:00.000,Unit3,16714.0546875,Running,136.65969848632812,2,16592.355790977366,885.9597778320312,617.5097045898438,8298.0,67.20000457763672,187675,934.411865234375
Wallula,2023-05-02 08:25:00.000,Unit2,19902.205078125,Running,136.89817810058594,2,15350.955275485814,909.3060913085938,677.7886352539062,84.62059783935547,86.06031036376953,187689,1253.29638671875
Stanfield,2023-05-02 08:30:00.000,Unit1,,Unavailable,0.0,0,0.0,746.0,743.0,0.0,61.0,187715,0.0
Eastport,2023-05-02 08:30:00.000,Unit2,18382.46484375,Running,160.01486206054688,2,18407.5726614279,881.4085693359375,742.021240234375,4443.8232421875,58.400001525878906,187701,2182.017333984375
Athol,2023-05-02 08:30:00.000,Unit4,8995.5166015625,Running,108.49436950683594,2,9117.712323703614,869.2606811523438,637.9863891601562,6973.5,60.900001525878906,187692,517.9564819335938
Bend,2023-05-02 08:30:00.000,Unit2,11854.4658203125,Running,0.0,2,9815.441954085814,876.6791381835938,679.6461181640625,4386.9306640625,75.67264556884766,187694,881.9130859375
Rosalia,2023-05-02 08:30:00.000,Unit1,13898.404296875,Running,113.45790100097656,2,13832.396934790297,914.6238403320312,728.2100830078125,89.71131134033203,70.47989654541016,187709,950.489990234375
Wallula,2023-05-02 08:30:00.000,Unit2,20227.837890625,Running,138.81285095214844,2,15350.955275485814,910.7327880859375,675.71337890625,85.62838745117188,86.06031036376953,187719,1252.2718505859375
Madras,2023-05-02 08:30:00.000,Unit2,0.0,Available,0.0,1,0.0,779.8534545898438,786.08056640625,0.0,73.15287017822266,187708,0.0
Starbuck,2023-05-02 08:30:00.000,Unit3,19015.564453125,Running,180.7587890625,2,18723.158172136715,817.482666015625,720.3759155273438,4080.97607421875,73.0,187716,2367.15771484375
Sandpoint,2023-05-02 08:30:00.000,Unit2,0.0,Available,0.0,1,0.0,357.29571533203125,358.0252685546875,0.0,70.70000457763672,187713,0.0
Bend,2023-05-02 08:30:00.000,Unit3,11155.66015625,Running,107.9515380859375,2,11073.810238361877,873.63818359375,678.1128540039062,7115.24951171875,76.0,187695,893.8817138671875
Wallula,2023-05-02 08:30:00.000,Unit3,0.0,Available,0,1,0.0,681.3008422851562,685.0726928710938,0,72.65040588378906,187720,0.0
Rosalia,2023-05-02 08:35:00.000,Unit1,13921.673828125,Running,113.32941436767578,2,13843.466881396605,914.5914306640625,728.4046630859375,89.52096557617188,70.47989654541016,187739,949.82275390625
Chemult,2023-05-02 08:35:00.000,Unit4,0.0,Unavailable,0.999467134475708,0,0.0,1000.0,1.9870964288711548,0.0,0.0,187729,0.0
Bonanza,2023-05-02 08:35:00.000,Unit1,0.0,Available,0.0,1,0.0,0.35667964816093445,0.19455252587795258,0.0,72.937744140625,187726,0.0
Bend,2023-05-02 08:35:00.000,Unit2,11887.7958984375,Running,0.0,2,9815.441954085814,876.6791381835938,679.6461181640625,4389.88134765625,75.67264556884766,187724,885.600830078125
Wallula,2023-05-02 08:40:00.000,Unit2,19723.416015625,Running,135.38259887695312,2,15690.581843582839,909.2412719726562,675.6160888671875,85.33197784423828,86.06031036376953,187779,1223.873779296875
Sandpoint,2023-05-02 08:40:00.000,Unit2,0.0,Available,0.0,1,0.0,356.2743225097656,355.98248291015625,0.0,70.70000457763672,187773,0.0
Stanfield,2023-05-02 08:40:00.000,Unit1,,Unavailable,0.0,0,0.0,742.0,740.0,0.0,61.0,187775,0.0
Madras,2023-05-02 08:40:00.000,Unit2,0.0,Available,0.0,1,0.0,780.5860595703125,787.5457763671875,0.0,73.15287017822266,187768,0.0
Rosalia,2023-05-02 08:40:00.000,Unit1,13875.0380859375,Running,113.46646118164062,2,13843.583954226393,914.5914306640625,728.4046630859375,89.62630462646484,70.22049713134766,187769,949.4801025390625
Ione,2023-05-02 08:40:00.000,Unit1,0.0,Available,,1,0.0,,,,,187762,0.0
Bonanza,2023-05-02 08:40:00.000,Unit1,0.0,Available,0.0,1,0.0,0.42153048515319824,0.19455252587795258,0.0,72.64591217041016,187756,0.0
Athol,2023-05-02 08:40:00.000,Unit4,9005.4951171875,Running,108.73744201660156,2,9252.43450190789,869.6984252929688,637.7918701171875,6975.75,61.0,187752,526.5505981445312
Madras,2023-05-02 08:45:00.000,Unit2,0.0,Available,0.0,1,0.0,780.4249877929688,787.5457763671875,0.0,73.15287017822266,187798,0.0
Sandpoint,2023-05-02 08:45:00.000,Unit3,0.0,Available,0.0,1,0.0,735.6030883789062,736.1218872070312,0.0,77.30000305175781,187804,0.0
Eastport,2023-05-02 08:45:00.000,Unit2,18261.298828125,Running,158.69593811035156,2,18370.446470142855,879.9666748046875,742.021240234375,4441.9521484375,58.400001525878906,187791,2186.673583984375
Bend,2023-05-02 08:50:00.000,Unit1,0.0,Available,0.0,1,0.0,0.4314439296722412,0.40282875299453735,0.0,74.89971160888672,187813,0.0
Madras,2023-05-02 08:50:00.000,Unit2,0.0,Available,0.0,1,0.0,781.3186645507812,787.1756591796875,0.0,73.15287017822266,187828,0.0
Chemult,2023-05-02 08:50:00.000,Unit3,0.0,Running,101.9992446899414,2,8094.434125198066,858.0,777.0,4206.0,0.0,187818,0.0
Ione,2023-05-02 08:50:00.000,Unit1,0.0,Available,,1,0.0,,,,,187822,0.0
Rosalia,2023-05-02 08:50:00.000,Unit3,14692.6611328125,Running,119.4914779663086,2,14018.01222518309,913.7159423828125,725.4215698242188,7620.74951171875,70.20000457763672,187831,1287.97021484375
Sandpoint,2023-05-02 08:50:00.000,Unit2,0.0,Available,0.0,1,0.0,354.23150634765625,354.9610900878906,0.0,70.5999984741211,187833,0.0
Madras,2023-05-02 08:50:00.000,Unit1,0.0,Available,0.0,1,0.0,673.99267578125,674.3589477539062,0.0,73.0,187827,0.0
Bonanza,2023-05-02 08:50:00.000,Unit2,14846.652146465178,Running,124.4787826538086,2,14846.652146465178,907.490234375,739.33203125,7613.25,71.58235931396484,187817,1507.517822265625
Wallula,2023-05-02 08:50:00.000,Unit2,20015.353515625,Running,138.63563537597656,2,15467.028729454969,908.5278930664062,674.8054809570312,85.22188568115234,86.06031036376953,187839,1233.0885009765625
Starbuck,2023-05-02 08:50:00.000,Unit4,0.0,Available,0.0,1,0.0,725.2432250976562,725.194580078125,0.0,79.70037078857422,187837,0.0
Starbuck,2023-05-02 08:50:00.000,Unit3,18869.16015625,Running,179.4785614013672,2,18705.868106148693,816.040771484375,720.8570556640625,4071.71923828125,72.9000015258789,187836,2378.0537109375
Wallula,2023-05-02 08:55:00.000,Unit2,20208.75,Running,138.53152465820312,2,15467.028729454969,908.8521728515625,673.5084228515625,85.35738372802734,86.2548599243164,187869,1238.30322265625
Starbuck,2023-05-02 08:55:00.000,Unit3,18813.703125,Running,178.77684020996094,2,18705.868106148693,816.5213623046875,720.872802734375,4067.8095703125,72.9000015258789,187866,2388.7275390625
Stanfield,2023-05-02 08:55:00.000,Unit1,,Unavailable,0.0,0,0.0,738.0,737.0,0.0,61.0,187865,0.0
Starbuck,2023-05-02 08:55:00.000,Unit4,0.0,Available,0.0,1,0.0,725.8218383789062,724.9513549804688,0.0,79.70000457763672,187867,0.0
Rosalia,2023-05-02 08:55:00.000,Unit1,13748.173828125,Running,113.21019744873047,2,13794.59115019442,914.4617309570312,728.2749633789062,89.3423843383789,70.46044158935547,187859,946.6808471679688
Madras,2023-05-02 08:55:00.000,Unit2,0.0,Available,0.0,1,0.0,780.2197875976562,787.1795043945312,0.0,73.15287017822266,187858,0.0
Eastport,2023-05-02 08:55:00.000,Unit2,17700.4453125,Running,156.06590270996094,2,18261.024661421736,879.486083984375,742.5018310546875,4391.3046875,58.29999923706055,187851,2168.210693359375
Ione,2023-05-02 08:55:00.000,Unit2,0.0,Available,0.0,1,0.0,0.0,0.3205128312110901,0.0,70.69999694824219,187853,0.0
Ione,2023-05-02 08:55:00.000,Unit1,0.0,Available,,1,0.0,,,,,187852,0.0
Chemult,2023-05-02 08:55:00.000,Unit4,0.0,Unavailable,0.0,0,0.0,1000.0,12.0,0.0,0.0,187849,0.0
Wallula,2023-05-02 09:00:00.000,Unit1,19024.6171875,Running,144.86553955078125,2,17878.504066099104,908.04150390625,670.2010498046875,94.53760528564453,79.4000015258789,187898,1274.02099609375
Rosalia,2023-05-02 09:00:00.000,Unit3,14723.1455078125,Running,119.59610748291016,2,14004.619744990887,913.6835327148438,725.4539794921875,7624.50048828125,70.20000457763672,187891,1290.9991455078125
Bend,2023-05-02 09:00:00.000,Unit3,11089.1044921875,Running,107.652099609375,2,11041.217067444162,873.7030029296875,678.9559326171875,7095.74951171875,75.80000305175781,187875,894.3558959960938
Bonanza,2023-05-02 09:00:00.000,Unit2,14789.132982013041,Running,124.50011444091797,2,14789.132982013041,907.8793334960938,738.9429321289062,7622.7724609375,71.68612670898438,187877,1510.4813232421875
Eastport,2023-05-02 09:00:00.000,Unit2,17675.630859375,Running,156.06590270996094,2,17658.50266206802,879.486083984375,743.463134765625,4383.1689453125,58.29999923706055,187881,2152.766845703125
Bonanza,2023-05-02 09:00:00.000,Unit1,0.0,Available,0.0,1,0.0,0.32425421476364136,0.22697794437408447,0.0,72.65239715576172,187876,0.0
Starbuck,2023-05-02 09:00:00.000,Unit4,0.0,Available,0.0,1,0.0,725.8268432617188,724.9513549804688,0.0,79.50091552734375,187897,0.0
Ione,2023-05-02 09:05:00.000,Unit2,0.0,Available,0.0,1,0.0,0.0,0.3205128312110901,0.0,70.69999694824219,187913,0.0
Stanfield,2023-05-02 09:05:00.000,Unit1,,Unavailable,0.0,0,0.0,739.0,737.2999877929688,0.0,61.0,187925,0.0
Starbuck,2023-05-02 09:05:00.000,Unit4,0.0,Available,0.0,1,0.0,724.915283203125,724.7567749023438,0.0,79.5,187927,0.0
Athol,2023-05-02 09:05:00.000,Unit4,9023.0048828125,Running,108.78084564208984,2,9278.652269976908,869.3579711914062,637.2081909179688,6990.75,60.900001525878906,187902,532.6234741210938
Wallula,2023-05-02 09:05:00.000,Unit2,20211.783203125,Running,138.68679809570312,2,15603.501492689651,908.8197631835938,673.0868530273438,85.61991882324219,86.21595001220703,187929,1238.3209228515625
Eastport,2023-05-02 09:05:00.000,Unit1,0.0,Available,0.2582598030567169,1,0.0,851.0093383789062,849.1679077148438,0,58.400001525878906,187910,0.0
Bend,2023-05-02 09:05:00.000,Unit3,11101.3876953125,Running,106.83934020996094,2,11007.791981440047,873.7030029296875,678.9559326171875,7096.49951171875,75.80000305175781,187905,896.7026977539062
Bonanza,2023-05-02 09:05:00.000,Unit1,0.0,Available,0.0,1,0.0,0.32425421476364136,0.19455252587795258,0.0,72.65239715576172,187906,0.0
Sandpoint,2023-05-02 09:05:00.000,Unit1,14590.470703125,Running,125.884521484375,2,14242.621254100663,839.0402221679688,727.8209838867188,95.95189666748047,64.30000305175781,187922,1719.552734375
Wallula,2023-05-02 09:05:00.000,Unit1,19017.7578125,Running,144.54342651367188,2,17856.16290104005,907.9766235351562,670.2010498046875,94.52066040039062,79.4000015258789,187928,1272.0413818359375
Sandpoint,2023-05-02 09:10:00.000,Unit1,13171.1943359375,Running,118.19881439208984,2,14242.621254100663,834.0466918945312,728.8262329101562,92.71680450439453,64.39994812011719,187952,1662.03271484375
Eastport,2023-05-02 09:10:00.000,Unit1,0.0,Available,0.2582598030567169,1,0.0,851.0093383789062,849.1679077148438,0,58.400001525878906,187940,0.0
Kent,2023-05-02 09:10:00.000,Unit4,0.0,Available,0.0,1,0.0,619.552490234375,618.433837890625,0.0,68.0,187946,0.0
Starbuck,2023-05-02 09:10:00.000,Unit4,0.0,Available,0.0,1,0.0,724.9027099609375,724.7567749023438,0.0,79.60052490234375,187957,0.0
Rosalia,2023-05-02 09:10:00.000,Unit3,14714.3701171875,Running,119.00552368164062,2,14078.216970203617,913.8781127929688,725.3890991210938,7622.24951171875,70.30000305175781,187951,1292.2403564453125
Rosalia,2023-05-02 09:10:00.000,Unit2,0.0,Unavailable,0.0,0,0.0,0.9612303972244263,0.6408381462097168,0.6150937080383301,69.04515075683594,187950,0.0
Chemult,2023-05-02 09:10:00.000,Unit4,0.0,Unavailable,0.0,0,0.0,1000.0,5.503667831420898,0.0,0.0,187939,0.0
Ione,2023-05-02 09:15:00.000,Unit1,0.0,Available,,1,0.0,,,,,187972,0.0
Kent,2023-05-02 09:15:00.000,Unit1,9005.1611328125,Running,105.47235107421875,2,9074.344393252948,889.4942016601562,617.8015747070312,8726.34765625,67.20000457763672,187974,455.5015869140625
Sandpoint,2023-05-02 09:15:00.000,Unit2,0.0,Available,0.0,1,0.0,350.1459045410156,349.8540954589844,0.0,70.5,187983,0.0
Stanfield,2023-05-02 09:15:00.000,Unit1,,Unavailable,0.0,0,0.0,736.0,735.0,0.0,61.0,187985,0.0
Wallula,2023-05-02 09:15:00.000,Unit2,20056.609375,Running,138.23641967773438,2,15567.99512462086,908.4630737304688,672.1844482421875,85.37432098388672,86.186767578125,187989,1226.885498046875
Sandpoint,2023-05-02 09:15:00.000,Unit1,12123.1142578125,Running,114.27420043945312,2,11851.599971404397,828.8910522460938,730.8365478515625,90.4031982421875,64.70000457763672,187982,1631.013916015625
Ione,2023-05-02 09:15:00.000,Unit2,0.0,Available,0.0,1,0.0,0.0,0.3205128312110901,0.0,70.69999694824219,187973,0.0
Starbuck,2023-05-02 09:15:00.000,Unit4,0.0,Available,0.0,1,0.0,725.392333984375,725.0,0.0,79.5999984741211,187987,0.0
Rosalia,2023-05-02 09:20:00.000,Unit2,0.0,Unavailable,0.0,0,0.0,0.9155767560005188,0.6429501175880432,0.7307578325271606,68.95906066894531,188010,0.0
Wallula,2023-05-02 09:20:00.000,Unit1,19017.9609375,Running,144.47828674316406,2,17640.70381027232,908.2036743164062,670.0713500976562,94.29200744628906,79.5999984741211,188018,1265.158935546875
Bend,2023-05-02 09:20:00.000,Unit2,11747.90234375,Running,0.0,2,9733.555246963773,876.7888793945312,681.16650390625,4375.79296875,75.4153060913086,187994,885.9612426757812
Kent,2023-05-02 09:20:00.000,Unit1,9003.470703125,Running,105.84305572509766,2,9074.344393252948,889.6400756835938,617.8015747070312,8719.6337890625,67.20000457763672,188004,445.1949157714844
Rosalia,2023-05-02 09:20:00.000,Unit3,15366.9306640625,Running,122.2310791015625,2,14286.855989526695,914.0402221679688,724.092041015625,7752.07275390625,70.0999984741211,188011,1324.87841796875
Ione,2023-05-02 09:20:00.000,Unit2,0.0,Available,0.0,1,0.0,0.0,0.3205128312110901,0.0,70.69999694824219,188003,0.0
Eastport,2023-05-02 09:20:00.000,Unit1,0.0,Available,0.26125290989875793,1,0.0,851.0093383789062,849.1679077148438,0,58.400001525878906,188000,0.0
Starbuck,2023-05-02 09:20:00.000,Unit4,0.0,Available,0.0,1,0.0,725.3890991210938,725.0,0.0,79.60050201416016,188017,0.0
Kent,2023-05-02 09:20:00.000,Unit4,0.0,Available,0.0,1,0.0,620.0389404296875,618.6770629882812,0.0,68.0999984741211,188006,0.0
Madras,2023-05-02 09:20:00.000,Unit1,0.0,Available,0.0,1,0.0,673.99267578125,673.6264038085938,0.0,73.0,188007,0.0
Chemult,2023-05-02 09:25:00.000,Unit3,0.0,Running,102.0,2,7827.673443200028,858.0,776.0,4203.5830078125,0.0,188028,0.0
Sandpoint,2023-05-02 09:25:00.000,Unit3,0.0,Available,0.0,1,0.0,734.7276000976562,735.0518798828125,0.0,77.30000305175781,188044,0.0
Eastport,2023-05-02 09:25:00.000,Unit2,16656.873046875,Running,148.15196228027344,2,16463.772175978058,876.1214599609375,747.7890625,4284.68603515625,58.5,188031,2135.21142578125
Rosalia,2023-05-02 09:25:00.000,Unit3,15264.431640625,Running,120.53337860107422,2,14547.440425085044,914.0402221679688,724.092041015625,7722.0,70.0999984741211,188041,1320.0845947265625
Rosalia,2023-05-02 09:25:00.000,Unit1,13495.9443359375,Running,111.65058898925781,2,13453.467331317963,914.6563110351562,726.1024780273438,89.27133178710938,70.43463134765625,188039,937.8042602539062
Bend,2023-05-02 09:30:00.000,Unit3,11050.65234375,Running,107.43821716308594,2,10988.513192328484,873.6705932617188,679.7989501953125,7085.25,75.70000457763672,188055,896.1196899414062
Athol,2023-05-02 09:30:00.000,Unit3,25178.34375,Running,193.60743713378906,2,24641.407111896224,871.795654296875,632.9146118164062,4640.97607421875,40.400001525878906,188051,1882.7850341796875

