"timestamp","ap_compressor","atmospherictemperature","dischargepressure","dischargetemperature","suctionpressure","suctiontemperature","totalfuel","totalhorsepower","id"
2025-10-18 13:00:00.000,GLEN ULLIN,,1345.19348145,,1044.75769043,,,38000.0,9999981
2025-10-18 13:00:00.000,ZEELAND,,1319.22583008,,1019.48217773,,,38000.0,10000601
2025-10-18 13:00:00.000,CLARK,,1281.64050293,,982.22802734,,,38000.0,9999609
2025-10-18 13:00:00.000,CULBERTSON,,1330.83825684,,1330.83825684,,,38000.0,9999671
2025-10-18 13:00:00.000,ELDRIDGE,,875.02142334,,691.61694336,,,15000.0,9999733
2025-10-18 13:00:00.000,LONE TREE,,785.45843506,,785.87609863,,,16000.0,10000167
2025-10-18 13:00:00.000,GLASGOW,,1330.14611816,,1327.91589355,,,29000.0,9999919
2025-10-18 13:00:00.000,WETONKA,,1303.48632813,,1003.40930176,,,38000.0,10000477
2025-10-18 13:00:00.000,TRIMONT,,1286.56750488,,1001.51245117,,,38000.0,10000353
2025-10-18 13:00:00.000,ESTELLINE,,1276.49328613,,976.57006836,,,38000.0,9999795
2025-10-18 13:00:00.000,ARNEGARD,,1301.4005127,,1305.04724121,,,18000.0,9999547
2025-10-18 13:00:00.000,LA MOILLE,,965.98620605,,781.28668213,,,13000.0,10000105
2025-10-18 13:00:00.000,VENTURA REG,,984.71911621,,987.19903564,,,0.0,10000415
2025-10-18 13:00:00.000,ST ANTHONY,,1345.19348145,,1045.27038574,,,38000.0,10000291
2025-10-18 13:00:00.000,GRUNDY CENTER,,917.17614746,,916.95581055,,,13000.0,10000043
2025-10-18 13:00:00.000,GARVIN,,1277.85192871,,977.77490234,,,38000.0,9999857
2025-10-18 13:00:00.000,MANNING,,1347.75695801,,1073.28881836,,,38000.0,10000229
2025-10-18 13:00:00.000,WOLF POINT,,1325.38366699,,1325.39379883,,,18000.0,10000539
2025-10-18 12:00:00.000,ELDRIDGE,,880.01263428,,696.64904785,,,15000.0,9999734
2025-10-18 12:00:00.000,GARVIN,,1275.46789551,,975.90356445,,,38000.0,9999858
2025-10-18 12:00:00.000,MANNING,,1345.70617676,,1071.23815918,,,38000.0,10000230
2025-10-18 12:00:00.000,CULBERTSON,,1326.9161377,,1326.22412109,,,38000.0,9999672
2025-10-18 12:00:00.000,WETONKA,,1303.15307617,,1003.05041504,,,38000.0,10000478
2025-10-18 12:00:00.000,VENTURA REG,,983.043396,,985.15881348,,,0.0,10000416
2025-10-18 12:00:00.000,GLASGOW,,1327.24938965,,1325.89086914,,,29000.0,9999920
2025-10-18 12:00:00.000,WOLF POINT,,1321.52661133,,1322.01452637,,,18000.0,10000540
2025-10-18 12:00:00.000,CLARK,,1280.21130371,,981.15563965,,,38000.0,9999610
2025-10-18 12:00:00.000,ARNEGARD,,1297.6451416,,1301.10205078,,,18000.0,9999548
2025-10-18 12:00:00.000,GLEN ULLIN,,1344.16809082,,1044.42443848,,,38000.0,9999982
2025-10-18 12:00:00.000,TRIMONT,,1283.82458496,,999.1027832,,,38000.0,10000354
2025-10-18 12:00:00.000,ESTELLINE,,1274.44250488,,974.6730957,,,38000.0,9999796
2025-10-18 12:00:00.000,ST ANTHONY,,1344.16809082,,1044.24499512,,,38000.0,10000292
2025-10-18 12:00:00.000,ZEELAND,,1319.04638672,,1019.12329102,,,38000.0,10000602
2025-10-18 12:00:00.000,GRUNDY CENTER,,915.61773682,,915.40405273,,,13000.0,10000044
2025-10-18 12:00:00.000,LONE TREE,,787.0213623,,787.52734375,,,16000.0,10000168
2025-10-18 12:00:00.000,LA MOILLE,,974.43652344,,789.5838623,,,13000.0,10000106
2025-10-18 11:00:00.000,TRIMONT,,1284.00402832,,998.94897461,,,38000.0,10000355
2025-10-18 11:00:00.000,GLASGOW,,1325.53198242,,1322.81469727,,,29000.0,9999921
2025-10-18 11:00:00.000,WOLF POINT,,1318.96655273,,1320.3347168,,,18000.0,10000541
2025-10-18 11:00:00.000,CLARK,,1280.31469727,,982.32714844,,,38000.0,9999611
2025-10-18 11:00:00.000,LA MOILLE,,983.8145752,,798.69317627,,,13000.0,10000107
2025-10-18 11:00:00.000,GARVIN,,1273.92980957,,973.82714844,,,38000.0,9999859
2025-10-18 11:00:00.000,LONE TREE,,789.26495361,,789.76324463,,,16000.0,10000169
2025-10-18 11:00:00.000,ZEELAND,,1318.02099609,,1018.27734375,,,38000.0,10000603
2025-10-18 11:00:00.000,GRUNDY CENTER,,913.199646,,912.74560547,,,13000.0,10000045
2025-10-18 11:00:00.000,ST ANTHONY,,1343.65539551,,1043.55285645,,,38000.0,10000293
2025-10-18 11:00:00.000,GLEN ULLIN,,1343.65539551,,1043.57849121,,,38000.0,9999983
2025-10-18 11:00:00.000,CULBERTSON,,1324.68603516,,1324.5065918,,,38000.0,9999673
2025-10-18 11:00:00.000,VENTURA REG,,979.33288574,,981.91851807,,,0.0,10000417
2025-10-18 11:00:00.000,ELDRIDGE,,886.09265137,,701.97406006,,,15000.0,9999735
2025-10-18 11:00:00.000,ESTELLINE,,1271.36633301,,971.44311523,,,38000.0,9999797
2025-10-18 11:00:00.000,WETONKA,,1302.64038086,,1002.71716309,,,38000.0,10000479
2025-10-18 11:00:00.000,ARNEGARD,,1295.57336426,,1298.92858887,,,18000.0,9999549
2025-10-18 11:00:00.000,MANNING,,1344.68078613,,1070.39221191,,,38000.0,10000231
2025-10-18 10:00:00.000,ZEELAND,,1318.20043945,,1018.09790039,,,38000.0,10000604
2025-10-18 10:00:00.000,WOLF POINT,,1317.63305664,,1319.28015137,,,18000.0,10000542
2025-10-18 10:00:00.000,CULBERTSON,,1323.99389648,,1323.32739258,,,38000.0,9999674
2025-10-18 10:00:00.000,GLEN ULLIN,,1343.65539551,,1043.21960449,,,38000.0,9999984
2025-10-18 10:00:00.000,GLASGOW,,1323.66064453,,1321.09716797,,,29000.0,9999922
2025-10-18 10:00:00.000,CLARK,,1280.64709473,,981.12683105,,,38000.0,9999612
2025-10-18 10:00:00.000,WETONKA,,1302.81982422,,1002.71716309,,,38000.0,10000480
2025-10-18 10:00:00.000,LA MOILLE,,991.04510498,,811.47735596,,,13000.0,10000108
2025-10-18 10:00:00.000,GARVIN,,1274.9552002,,975.54467773,,,38000.0,9999860
2025-10-18 10:00:00.000,GRUNDY CENTER,,911.76678467,,911.39886475,,,13000.0,10000046
2025-10-18 10:00:00.000,TRIMONT,,1283.31188965,,998.25683594,,,38000.0,10000356
2025-10-18 10:00:00.000,LONE TREE,,790.0703125,,790.50561523,,,16000.0,10000170
2025-10-18 10:00:00.000,ESTELLINE,,1271.36633301,,970.93054199,,,38000.0,9999798
2025-10-18 10:00:00.000,ELDRIDGE,,888.31829834,,706.77520752,,,15000.0,9999736
2025-10-18 10:00:00.000,ST ANTHONY,,1343.32214355,,1043.55285645,,,38000.0,10000294
2025-10-18 10:00:00.000,ARNEGARD,,1294.48657227,,1298.08081055,,,18000.0,9999550
2025-10-18 10:00:00.000,VENTURA REG,,972.63006592,,974.83795166,,,0.0,10000418
2025-10-18 10:00:00.000,MANNING,,1345.70617676,,1070.39221191,,,38000.0,10000232
2025-10-18 09:00:00.000,GARVIN,,1275.98059082,,976.05737305,,,38000.0,9999861
2025-10-18 09:00:00.000,ST ANTHONY,,1343.1427002,,1043.39904785,,,38000.0,10000295
2025-10-18 09:00:00.000,CLARK,,1280.2310791,,980.44018555,,,38000.0,9999613
2025-10-18 09:00:00.000,TRIMONT,,1284.5423584,,999.33349609,,,38000.0,10000357
2025-10-18 09:00:00.000,GRUNDY CENTER,,913.64007568,,913.37792969,,,13000.0,10000047
2025-10-18 09:00:00.000,GLEN ULLIN,,1343.65539551,,1043.39904785,,,38000.0,9999985
2025-10-18 09:00:00.000,CULBERTSON,,1323.66064453,,1322.63525391,,,38000.0,9999675
2025-10-18 09:00:00.000,WOLF POINT,,1317.10888672,,1318.89196777,,,18000.0,10000543
2025-10-18 09:00:00.000,VENTURA REG,,973.70733643,,976.03808594,,,0.0,10000419
2025-10-18 09:00:00.000,ZEELAND,,1318.20043945,,1018.09790039,,,38000.0,10000605
2025-10-18 09:00:00.000,GLASGOW,,1323.66064453,,1321.60986328,,,29000.0,9999923
2025-10-18 09:00:00.000,ELDRIDGE,,886.46362305,,704.76062012,,,15000.0,9999737
2025-10-18 09:00:00.000,ARNEGARD,,1294.12036133,,1297.56884766,,,18000.0,9999551
2025-10-18 09:00:00.000,ESTELLINE,,1271.87902832,,972.2890625,,,38000.0,9999799
2025-10-18 09:00:00.000,MANNING,,1345.70617676,,1071.08435059,,,38000.0,10000233
2025-10-18 09:00:00.000,WETONKA,,1302.64038086,,1002.71716309,,,38000.0,10000481
2025-10-18 09:00:00.000,LONE TREE,,789.34509277,,789.76342773,,,16000.0,10000171
2025-10-18 09:00:00.000,LA MOILLE,,994.74127197,,815.05651855,,,13000.0,10000109
2025-10-18 08:00:00.000,ST ANTHONY,,1342.80944824,,1042.19421387,,,38000.0,10000296
2025-10-18 08:00:00.000,WOLF POINT,,1318.3104248,,1319.7668457,,,18000.0,10000544
2025-10-18 08:00:00.000,ZEELAND,,1318.53369141,,1018.6105957,,,38000.0,10000606
2025-10-18 08:00:00.000,GLASGOW,,1324.17333984,,1322.27636719,,,29000.0,9999924
2025-10-18 08:00:00.000,LA MOILLE,,990.96069336,,810.91552734,,,13000.0,10000110
2025-10-18 08:00:00.000,GRUNDY CENTER,,915.159729,,914.81530762,,,13000.0,10000048
2025-10-18 08:00:00.000,ELDRIDGE,,884.00805664,,702.59002686,,,15000.0,9999738
2025-10-18 08:00:00.000,LONE TREE,,789.31555176,,789.78222656,,,16000.0,10000172
2025-10-18 08:00:00.000,ESTELLINE,,1272.21228027,,971.95581055,,,38000.0,9999800
2025-10-18 08:00:00.000,WETONKA,,1303.15307617,,1002.89660645,,,38000.0,10000482
2025-10-18 08:00:00.000,MANNING,,1347.2442627,,1071.5970459,,,38000.0,10000234
2025-10-18 08:00:00.000,TRIMONT,,1285.90100098,,1001.02539063,,,38000.0,10000358
2025-10-18 08:00:00.000,ARNEGARD,,1296.00231934,,1299.70849609,,,18000.0,9999552
2025-10-18 08:00:00.000,CLARK,,1280.63012695,,982.16607666,,,38000.0,9999614
2025-10-18 08:00:00.000,CULBERTSON,,1324.68603516,,1324.17333984,,,38000.0,9999676
2025-10-18 08:00:00.000,GARVIN,,1277.1854248,,977.26220703,,,38000.0,9999862
2025-10-18 08:00:00.000,GLEN ULLIN,,1343.47595215,,1042.88635254,,,38000.0,9999986
2025-10-18 08:00:00.000,VENTURA REG,,976.57995605,,978.67828369,,,0.0,10000420
2025-10-18 07:00:00.000,ARNEGARD,,1296.65673828,,1300.37646484,,,18000.0,9999553
2025-10-18 07:00:00.000,TRIMONT,,1288.6439209,,1003.58874512,,,38000.0,10000359
2025-10-18 07:00:00.000,VENTURA REG,,980.41015625,,982.51861572,,,0.0,10000421
2025-10-18 07:00:00.000,ESTELLINE,,1272.39172363,,972.46850586,,,38000.0,9999801
2025-10-18 07:00:00.000,CULBERTSON,,1324.68603516,,1324.32714844,,,38000.0,9999677
2025-10-18 07:00:00.000,LONE TREE,,789.61193848,,789.94317627,,,16000.0,10000173
2025-10-18 07:00:00.000,WOLF POINT,,1317.42199707,,1318.83093262,,,18000.0,10000545
2025-10-18 07:00:00.000,MANNING,,1347.2442627,,1072.59667969,,,38000.0,10000235
2025-10-18 07:00:00.000,ZEELAND,,1318.02099609,,1018.27734375,,,38000.0,10000607
2025-10-18 07:00:00.000,WETONKA,,1302.81982422,,1002.53778076,,,38000.0,10000483
2025-10-18 07:00:00.000,CLARK,,1279.72021484,,981.88977051,,,38000.0,9999615
2025-10-18 07:00:00.000,GLEN ULLIN,,1343.47595215,,1043.39904785,,,38000.0,9999987
2025-10-18 07:00:00.000,LA MOILLE,,986.01397705,,805.92419434,,,13000.0,10000111
2025-10-18 07:00:00.000,ST ANTHONY,,1342.80944824,,1042.37365723,,,38000.0,10000297
2025-10-18 07:00:00.000,GARVIN,,1278.03137207,,977.77490234,,,38000.0,9999863
2025-10-18 07:00:00.000,ELDRIDGE,,881.13604736,,699.64093018,,,15000.0,9999739
2025-10-18 07:00:00.000,GLASGOW,,1324.17333984,,1321.45605469,,,29000.0,9999925
2025-10-18 07:00:00.000,GRUNDY CENTER,,918.43731689,,917.99584961,,,13000.0,10000049
2025-10-18 06:00:00.000,MANNING,,1346.91101074,,1071.75085449,,,38000.0,10000236
2025-10-18 06:00:00.000,WOLF POINT,,1317.77294922,,1319.29211426,,,18000.0,10000546
2025-10-18 06:00:00.000,ZEELAND,,1317.50830078,,1017.58532715,,,38000.0,10000608
2025-10-18 06:00:00.000,WETONKA,,1302.12768555,,1002.02514648,,,38000.0,10000484
2025-10-18 06:00:00.000,ESTELLINE,,1272.39172363,,972.31469727,,,38000.0,9999802
2025-10-18 06:00:00.000,ARNEGARD,,1297.11108398,,1300.4128418,,,18000.0,9999554
2025-10-18 06:00:00.000,GLASGOW,,1323.99389648,,1320.91772461,,,29000.0,9999926
2025-10-18 06:00:00.000,GARVIN,,1278.54406738,,978.46704102,,,38000.0,9999864
2025-10-18 06:00:00.000,ELDRIDGE,,878.69049072,,697.12646484,,,15000.0,9999740
2025-10-18 06:00:00.000,CULBERTSON,,1324.17333984,,1323.81445313,,,38000.0,9999678
2025-10-18 06:00:00.000,VENTURA REG,,986.03570557,,988.519104,,,0.0,10000422
2025-10-18 06:00:00.000,TRIMONT,,1290.66906738,,1005.28063965,,,38000.0,10000360
2025-10-18 06:00:00.000,GLEN ULLIN,,1343.47595215,,1043.21960449,,,38000.0,9999988
2025-10-18 06:00:00.000,GRUNDY CENTER,,920.55212402,,920.30633545,,,13000.0,10000050
2025-10-18 06:00:00.000,LONE TREE,,788.58105469,,788.98828125,,,16000.0,10000174
2025-10-18 06:00:00.000,ST ANTHONY,,1343.1427002,,1043.0657959,,,38000.0,10000298
2025-10-18 06:00:00.000,LA MOILLE,,980.31872559,,800.07226563,,,13000.0,10000112
2025-10-18 06:00:00.000,CLARK,,1279.84851074,,981.77789307,,,38000.0,9999616
2025-10-18 05:00:00.000,ESTELLINE,,1272.39172363,,972.62231445,,,38000.0,9999803
2025-10-18 05:00:00.000,ZEELAND,,1316.99560547,,1017.2520752,,,38000.0,10000609
2025-10-18 05:00:00.000,VENTURA REG,,985.91601563,,988.519104,,,0.0,10000423
2025-10-18 05:00:00.000,CULBERTSON,,1323.84008789,,1323.50683594,,,38000.0,9999679
2025-10-18 05:00:00.000,LA MOILLE,,977.17529297,,797.00469971,,,13000.0,10000113
2025-10-18 05:00:00.000,MANNING,,1346.73156738,,1071.75085449,,,38000.0,10000237
2025-10-18 05:00:00.000,GLEN ULLIN,,1343.65539551,,1043.21960449,,,38000.0,9999989
2025-10-18 05:00:00.000,WETONKA,,1300.58959961,,1001.17919922,,,38000.0,10000485
2025-10-18 05:00:00.000,GARVIN,,1277.69812012,,977.77490234,,,38000.0,9999865
2025-10-18 05:00:00.000,ELDRIDGE,,877.3649292,,696.04528809,,,15000.0,9999741
2025-10-18 05:00:00.000,TRIMONT,,1289.4642334,,1004.40905762,,,38000.0,10000361
2025-10-18 05:00:00.000,ST ANTHONY,,1342.63000488,,1042.37365723,,,38000.0,10000299
2025-10-18 05:00:00.000,WOLF POINT,,1317.47973633,,1318.73596191,,,18000.0,10000547
2025-10-18 05:00:00.000,GRUNDY CENTER,,920.17199707,,919.89135742,,,13000.0,10000051
2025-10-18 05:00:00.000,LONE TREE,,787.91149902,,788.29394531,,,16000.0,10000175
2025-10-18 05:00:00.000,GLASGOW,,1323.66064453,,1321.09716797,,,29000.0,9999927
2025-10-18 05:00:00.000,ARNEGARD,,1295.42248535,,1298.95397949,,,18000.0,9999555
2025-10-18 05:00:00.000,CLARK,,1278.40734863,,980.05700684,,,38000.0,9999617
2025-10-18 04:00:00.000,GARVIN,,1278.03137207,,978.28759766,,,38000.0,9999866
2025-10-18 04:00:00.000,LONE TREE,,787.35925293,,787.85253906,,,16000.0,10000176
2025-10-18 04:00:00.000,ESTELLINE,,1271.87902832,,971.62255859,,,38000.0,9999804
2025-10-18 04:00:00.000,ST ANTHONY,,1342.11755371,,1042.50183105,,,38000.0,10000300
2025-10-18 04:00:00.000,VENTURA REG,,985.79638672,,987.79901123,,,0.0,10000424
2025-10-18 04:00:00.000,ELDRIDGE,,876.02996826,,695.38574219,,,15000.0,9999742
2025-10-18 04:00:00.000,GLASGOW,,1323.48120117,,1321.09716797,,,29000.0,9999928
2025-10-18 04:00:00.000,LA MOILLE,,975.54125977,,795.70941162,,,13000.0,10000114
2025-10-18 04:00:00.000,ZEELAND,,1316.48291016,,1016.55993652,,,38000.0,10000610
2025-10-18 04:00:00.000,GLEN ULLIN,,1343.65539551,,1043.21960449,,,38000.0,9999990
2025-10-18 04:00:00.000,GRUNDY CENTER,,919.109375,,918.78161621,,,13000.0,10000052
2025-10-18 04:00:00.000,CULBERTSON,,1323.66064453,,1322.96850586,,,38000.0,9999680
2025-10-18 04:00:00.000,CLARK,,1278.05053711,,980.02142334,,,38000.0,9999618
2025-10-18 04:00:00.000,ARNEGARD,,1295.26306152,,1298.62341309,,,18000.0,9999556
2025-10-18 04:00:00.000,WOLF POINT,,1317.89001465,,1319.10559082,,,18000.0,10000548
2025-10-18 04:00:00.000,MANNING,,1346.73156738,,1071.41760254,,,38000.0,10000238
2025-10-18 04:00:00.000,TRIMONT,,1289.69494629,,1005.30627441,,,38000.0,10000362
2025-10-18 04:00:00.000,WETONKA,,1299.23095703,,999.30786133,,,38000.0,10000486
2025-10-18 03:00:00.000,WETONKA,,1298.20556641,,998.61572266,,,38000.0,10000487
2025-10-18 03:00:00.000,CLARK,,1277.35534668,,978.89398193,,,38000.0,9999619
2025-10-18 03:00:00.000,GLASGOW,,1322.96850586,,1320.58447266,,,29000.0,9999929
2025-10-18 03:00:00.000,ESTELLINE,,1271.36633301,,971.77636719,,,38000.0,9999805
2025-10-18 03:00:00.000,GRUNDY CENTER,,919.37207031,,919.00830078,,,13000.0,10000053
2025-10-18 03:00:00.000,LA MOILLE,,974.15264893,,794.09533691,,,13000.0,10000115
2025-10-18 03:00:00.000,ELDRIDGE,,874.94525146,,694.76916504,,,15000.0,9999743
2025-10-18 03:00:00.000,GLEN ULLIN,,1343.65539551,,1043.39904785,,,38000.0,9999991
2025-10-18 03:00:00.000,TRIMONT,,1289.64367676,,1004.76794434,,,38000.0,10000363
2025-10-18 03:00:00.000,GARVIN,,1278.03137207,,977.92871094,,,38000.0,9999867
2025-10-18 03:00:00.000,VENTURA REG,,985.43725586,,987.43896484,,,0.0,10000425
2025-10-18 03:00:00.000,ARNEGARD,,1295.61999512,,1299.18969727,,,18000.0,9999557
2025-10-18 03:00:00.000,LONE TREE,,786.84686279,,787.38574219,,,16000.0,10000177
2025-10-18 03:00:00.000,ZEELAND,,1315.97021484,,1016.04724121,,,38000.0,10000611
2025-10-18 03:00:00.000,ST ANTHONY,,1342.11755371,,1042.19421387,,,38000.0,10000301
2025-10-18 03:00:00.000,CULBERTSON,,1323.66064453,,1323.48120117,,,38000.0,9999681
2025-10-18 03:00:00.000,MANNING,,1346.73156738,,1071.08435059,,,38000.0,10000239
2025-10-18 03:00:00.000,WOLF POINT,,1317.57116699,,1318.86816406,,,18000.0,10000549
2025-10-18 02:00:00.000,TRIMONT,,1291.72009277,,1006.84436035,,,38000.0,10000364
2025-10-18 02:00:00.000,VENTURA REG,,985.43725586,,987.91900635,,,0.0,10000426
2025-10-18 02:00:00.000,MANNING,,1346.21887207,,1071.41760254,,,38000.0,10000240
2025-10-18 02:00:00.000,LA MOILLE,,973.20202637,,793.2623291,,,13000.0,10000116
2025-10-18 02:00:00.000,GLEN ULLIN,,1343.65539551,,1043.7322998,,,38000.0,9999992
2025-10-18 02:00:00.000,GRUNDY CENTER,,920.45336914,,920.03637695,,,13000.0,10000054
2025-10-18 02:00:00.000,LONE TREE,,785.94158936,,786.39746094,,,16000.0,10000178
2025-10-18 02:00:00.000,WETONKA,,1297.00073242,,997.07763672,,,38000.0,10000488
2025-10-18 02:00:00.000,ESTELLINE,,1270.8536377,,970.75109863,,,38000.0,9999806
2025-10-18 02:00:00.000,ARNEGARD,,1294.94604492,,1298.78442383,,,18000.0,9999558
2025-10-18 02:00:00.000,ELDRIDGE,,876.56469727,,691.26361084,,,15000.0,9999744
2025-10-18 02:00:00.000,CLARK,,1275.5065918,,976.88830566,,,38000.0,9999620
2025-10-18 02:00:00.000,GLASGOW,,1321.27661133,,1318.71313477,,,29000.0,9999930
2025-10-18 02:00:00.000,ST ANTHONY,,1342.11755371,,1042.37365723,,,38000.0,10000302
2025-10-18 02:00:00.000,GARVIN,,1278.21081543,,978.44140625,,,38000.0,9999868
2025-10-18 02:00:00.000,ZEELAND,,1314.76538086,,1014.84240723,,,38000.0,10000612
2025-10-18 02:00:00.000,WOLF POINT,,1316.26745605,,1317.54577637,,,18000.0,10000550
2025-10-18 02:00:00.000,CULBERTSON,,1323.14794922,,1322.30200195,,,38000.0,9999682
2025-10-18 01:00:00.000,WOLF POINT,,1313.71594238,,1314.97558594,,,18000.0,10000551
2025-10-18 01:00:00.000,LONE TREE,,786.49401855,,786.95117188,,,16000.0,10000179
2025-10-18 01:00:00.000,ELDRIDGE,,878.72229004,,688.55480957,,,15000.0,9999745
2025-10-18 01:00:00.000,WETONKA,,1295.46264648,,994.69372559,,,38000.0,10000489
2025-10-18 01:00:00.000,GLASGOW,,1318.53369141,,1316.3034668,,,29000.0,9999931
2025-10-18 01:00:00.000,GRUNDY CENTER,,920.59191895,,920.38391113,,,13000.0,10000055
2025-10-18 01:00:00.000,VENTURA REG,,984.24035645,,986.59893799,,,0.0,10000427
2025-10-18 01:00:00.000,MANNING,,1346.21887207,,1070.90490723,,,38000.0,10000241
2025-10-18 01:00:00.000,CULBERTSON,,1320.58447266,,1320.07177734,,,38000.0,9999683
2025-10-18 01:00:00.000,ZEELAND,,1313.58618164,,1013.99645996,,,38000.0,10000613
2025-10-18 01:00:00.000,ST ANTHONY,,1343.1427002,,1042.52746582,,,38000.0,10000303
2025-10-18 01:00:00.000,TRIMONT,,1292.54040527,,1007.48522949,,,38000.0,10000365
2025-10-18 01:00:00.000,GARVIN,,1278.54406738,,978.28759766,,,38000.0,9999869
2025-10-18 01:00:00.000,GLEN ULLIN,,1344.68078613,,1044.24499512,,,38000.0,9999993
2025-10-18 01:00:00.000,ESTELLINE,,1270.34094238,,970.41784668,,,38000.0,9999807
2025-10-18 01:00:00.000,ARNEGARD,,1293.70507813,,1297.09082031,,,18000.0,9999559
2025-10-18 01:00:00.000,LA MOILLE,,971.97155762,,792.00134277,,,13000.0,10000117
2025-10-18 01:00:00.000,CLARK,,1274.34350586,,975.84057617,,,38000.0,9999621
2025-10-18 00:00:00.000,ESTELLINE,,1269.64880371,,969.72570801,,,38000.0,9999808
2025-10-18 00:00:00.000,CULBERTSON,,1318.02099609,,1317.50830078,,,38000.0,9999684
2025-10-18 00:00:00.000,GARVIN,,1280.08190918,,980.67163086,,,38000.0,9999870
2025-10-18 00:00:00.000,VENTURA REG,,986.87359619,,989.11914063,,,0.0,10000428
2025-10-18 00:00:00.000,ST ANTHONY,,1342.80944824,,1042.70690918,,,38000.0,10000304
2025-10-18 00:00:00.000,LA MOILLE,,970.54229736,,790.48144531,,,13000.0,10000118
2025-10-18 00:00:00.000,ELDRIDGE,,878.75524902,,688.7432251,,,15000.0,9999746
2025-10-18 00:00:00.000,GRUNDY CENTER,,923.05596924,,922.90515137,,,13000.0,10000056
2025-10-18 00:00:00.000,GLASGOW,,1315.45751953,,1312.56079102,,,29000.0,9999932
2025-10-18 00:00:00.000,WETONKA,,1292.38659668,,992.46350098,,,38000.0,10000490
2025-10-18 00:00:00.000,MANNING,,1346.73156738,,1072.10974121,,,38000.0,10000242
2025-10-18 00:00:00.000,LONE TREE,,787.9262085,,788.25054932,,,16000.0,10000180
2025-10-18 00:00:00.000,ARNEGARD,,1291.36022949,,1294.90197754,,,18000.0,9999560
2025-10-18 00:00:00.000,WOLF POINT,,1311.09472656,,1312.19335938,,,18000.0,10000552
2025-10-18 00:00:00.000,GLEN ULLIN,,1346.73156738,,1046.80847168,,,38000.0,9999994
2025-10-18 00:00:00.000,CLARK,,1272.33947754,,973.43817139,,,38000.0,9999622
2025-10-18 00:00:00.000,TRIMONT,,1293.77087402,,1009.22839355,,,38000.0,10000366
2025-10-18 00:00:00.000,ZEELAND,,1312.2019043,,1011.94567871,,,38000.0,10000614
2025-10-17 23:00:00.000,GLASGOW,,1312.2019043,,1309.81811523,,,29000.0,9999933
2025-10-17 23:00:00.000,ARNEGARD,,1289.65466309,,1293.01245117,,,18000.0,9999561
2025-10-17 23:00:00.000,VENTURA REG,,989.387146,,991.51934814,,,0.0,10000429
2025-10-17 23:00:00.000,ESTELLINE,,1270.00769043,,969.90515137,,,38000.0,9999809
2025-10-17 23:00:00.000,GRUNDY CENTER,,926.38171387,,926.27575684,,,13000.0,10000057
2025-10-17 23:00:00.000,MANNING,,1350.32043457,,1075.18579102,,,38000.0,10000243
2025-10-17 23:00:00.000,LONE TREE,,788.71374512,,789.09509277,,,16000.0,10000181
2025-10-17 23:00:00.000,TRIMONT,,1297.51342773,,1012.45837402,,,38000.0,10000367
2025-10-17 23:00:00.000,ST ANTHONY,,1342.63000488,,1042.70690918,,,38000.0,10000305
2025-10-17 23:00:00.000,ZEELAND,,1308.2800293,,1008.69006348,,,38000.0,10000615
2025-10-17 23:00:00.000,WOLF POINT,,1308.29138184,,1308.72631836,,,18000.0,10000553
2025-10-17 23:00:00.000,LA MOILLE,,970.24822998,,790.19061279,,,13000.0,10000119
2025-10-17 23:00:00.000,GLEN ULLIN,,1350.49987793,,1050.91003418,,,38000.0,9999995
2025-10-17 23:00:00.000,GARVIN,,1282.64538574,,982.72241211,,,38000.0,9999871
2025-10-17 23:00:00.000,ELDRIDGE,,881.35217285,,684.66821289,,,15000.0,9999747
2025-10-17 23:00:00.000,WETONKA,,1287.77233887,,987.84924316,,,38000.0,10000491
2025-10-17 23:00:00.000,CULBERTSON,,1315.45751953,,1314.43212891,,,38000.0,9999685
2025-10-17 23:00:00.000,CLARK,,1269.48217773,,970.74584961,,,38000.0,9999623
2025-10-17 22:00:00.000,GLASGOW,,1309.30541992,,1306.74194336,,,29000.0,9999934
2025-10-17 22:00:00.000,GLEN ULLIN,,1339.04138184,,1064.23999023,,,38000.0,9999996
2025-10-17 22:00:00.000,CLARK,,1268.55041504,,970.26098633,,,38000.0,9999624
2025-10-17 22:00:00.000,VENTURA REG,,992.85827637,,994.99957275,,,0.0,10000430
2025-10-17 22:00:00.000,CULBERTSON,,1312.0480957,,1311.53540039,,,38000.0,9999686
2025-10-17 22:00:00.000,MANNING,,1350.83312988,,1075.85229492,,,38000.0,10000244
2025-10-17 22:00:00.000,WOLF POINT,,1305.45080566,,1306.40698242,,,18000.0,10000554
2025-10-17 22:00:00.000,ZEELAND,,1294.95007324,,1019.63598633,,,38000.0,10000616
2025-10-17 22:00:00.000,LONE TREE,,791.82495117,,792.21276855,,,16000.0,10000182
2025-10-17 22:00:00.000,GARVIN,,1285.2088623,,985.28588867,,,38000.0,9999872
2025-10-17 22:00:00.000,ESTELLINE,,1271.87902832,,972.13525391,,,38000.0,9999810
2025-10-17 22:00:00.000,ST ANTHONY,,1329.81286621,,1055.01159668,,,38000.0,10000306
2025-10-17 22:00:00.000,GRUNDY CENTER,,930.60388184,,930.44287109,,,13000.0,10000058
2025-10-17 22:00:00.000,LA MOILLE,,977.89440918,,782.81018066,,,13000.0,10000120
2025-10-17 22:00:00.000,TRIMONT,,1297.66723633,,1017.55963135,,,38000.0,10000368
2025-10-17 22:00:00.000,WETONKA,,1280.26135254,,990.41271973,,,38000.0,10000492
2025-10-17 22:00:00.000,ELDRIDGE,,881.14019775,,684.56341553,,,15000.0,9999748
2025-10-17 22:00:00.000,ARNEGARD,,1287.48803711,,1290.9432373,,,18000.0,9999562
2025-10-17 21:00:00.000,ESTELLINE,,1273.41711426,,973.8527832,,,38000.0,9999811
2025-10-17 21:00:00.000,LONE TREE,,794.81060791,,795.2779541,,,16000.0,10000183
2025-10-17 21:00:00.000,GARVIN,,1286.74694824,,987.15710449,,,38000.0,9999873
2025-10-17 21:00:00.000,WETONKA,,1281.44055176,,990.92541504,,,38000.0,10000493
2025-10-17 21:00:00.000,GLASGOW,,1307.07519531,,1304.69116211,,,29000.0,9999935
2025-10-17 21:00:00.000,WOLF POINT,,1303.02636719,,1303.60449219,,,18000.0,10000555
2025-10-17 21:00:00.000,VENTURA REG,,997.16723633,,999.31988525,,,0.0,10000431
2025-10-17 21:00:00.000,GLEN ULLIN,,1338.52868652,,1063.39404297,,,38000.0,9999997
2025-10-17 21:00:00.000,CULBERTSON,,1309.81811523,,1309.45922852,,,38000.0,9999687
2025-10-17 21:00:00.000,ZEELAND,,1295.1295166,,1020.14868164,,,38000.0,10000617
2025-10-17 21:00:00.000,MANNING,,1347.2442627,,1071.93029785,,,38000.0,10000245
2025-10-17 21:00:00.000,LA MOILLE,,978.57922363,,783.81689453,,,13000.0,10000121
2025-10-17 21:00:00.000,ELDRIDGE,,882.79022217,,686.11096191,,,15000.0,9999749
2025-10-17 21:00:00.000,ARNEGARD,,1285.37207031,,1288.9901123,,,18000.0,9999563
2025-10-17 21:00:00.000,CLARK,,1269.96606445,,971.07312012,,,38000.0,9999625
2025-10-17 21:00:00.000,ST ANTHONY,,1330.32556152,,1055.16540527,,,38000.0,10000307
2025-10-17 21:00:00.000,TRIMONT,,1300.43579102,,1020.50756836,,,38000.0,10000369
2025-10-17 21:00:00.000,GRUNDY CENTER,,935.30651855,,935.20898438,,,13000.0,10000059
2025-10-17 20:00:00.000,ELDRIDGE,,884.38873291,,687.54400635,,,15000.0,9999750
2025-10-17 20:00:00.000,CULBERTSON,,1307.25463867,,1306.5625,,,38000.0,9999688
2025-10-17 20:00:00.000,MANNING,,1346.21887207,,1070.90490723,,,38000.0,10000246
2025-10-17 20:00:00.000,VENTURA REG,,1002.79284668,,1004.72033691,,,0.0,10000432
2025-10-17 20:00:00.000,WOLF POINT,,1300.80957031,,1300.92407227,,,18000.0,10000556
2025-10-17 20:00:00.000,ST ANTHONY,,1329.99230957,,1055.19104004,,,38000.0,10000308
2025-10-17 20:00:00.000,WETONKA,,1282.64538574,,992.97619629,,,38000.0,10000494
2025-10-17 20:00:00.000,TRIMONT,,1304.1784668,,1024.25024414,,,38000.0,10000370
2025-10-17 20:00:00.000,GARVIN,,1288.97717285,,988.87463379,,,38000.0,9999874
2025-10-17 20:00:00.000,GRUNDY CENTER,,939.57653809,,939.41644287,,,13000.0,10000060
2025-10-17 20:00:00.000,ZEELAND,,1296.48803711,,1021.50732422,,,38000.0,10000618
2025-10-17 20:00:00.000,LA MOILLE,,979.14599609,,783.96661377,,,13000.0,10000122
2025-10-17 20:00:00.000,GLASGOW,,1303.66577148,,1301.43554688,,,29000.0,9999936
2025-10-17 20:00:00.000,ARNEGARD,,1283.66308594,,1287.27600098,,,18000.0,9999564
2025-10-17 20:00:00.000,ESTELLINE,,1274.44250488,,974.0065918,,,38000.0,9999812
2025-10-17 20:00:00.000,LONE TREE,,797.84234619,,798.24365234,,,16000.0,10000184
2025-10-17 20:00:00.000,CLARK,,1272.2767334,,973.72131348,,,38000.0,9999626
2025-10-17 20:00:00.000,GLEN ULLIN,,1338.19543457,,1062.7019043,,,38000.0,9999998
2025-10-17 19:00:00.000,GLEN ULLIN,,1337.68273926,,1062.36865234,,,38000.0,9999999
